0	爱	愛	ai4	ài	love	1	0	0	0	0
1	八	八	ba1	bā	eight	1	0	0	0	0
2	爸爸	爸爸	ba4ba5	bàba	Dad	1	0	0	0	0
3	杯子	杯子	bei1zi5	bēizi	cup; glass	1	0	0	0	0
4	北京	北京	Bei3jing1	Běijīng	Beijing	1	0	0	0	0
5	本	本	ben3	běn	measure word for books	1	0	0	0	0
6	不客气	不客氣	bu2 ke4qi5	bú kèqi	you're welcome; don't be polite	1	0	0	0	0
7	不	不	bu4	bù	no; not	1	0	0	0	0
8	菜	菜	cai4	cài	dish (type of food); vegetables	1	0	0	0	0
9	茶	茶	cha2	chá	tea	1	0	0	0	0
10	吃	吃	chi1	chī	eat	1	0	0	0	0
11	出租车	出租車	chu1zu1che1	chūzūchē	taxi; cab	1	0	0	0	0
12	打电话	打電話	da3 dian4hua4	dǎ diànhuà	make a phone call	1	0	0	0	0
13	大	大	da4	dà	big; large	1	0	0	0	0
14	的	的	de5	de	indicates possession, like adding 's to a noun	1	0	0	0	0
15	点	點	dian3	diǎn	a dot; a little; o'clock	1	0	0	0	0
16	电脑	電腦	dian4nao3	diànnǎo	computer	1	0	0	0	0
17	电视	電視	dian4shi4	diànshì	television; TV	1	0	0	0	0
18	电影	電影	dian4ying3	diànyǐng	movie; film	1	0	0	0	0
19	东西	東西	dong1xi5	dōngxi	things; stuff	1	0	0	0	0
20	都	都	dou1	dōu	all; both	1	0	0	0	0
21	读	讀	du2	dú	to read; to study	1	0	0	0	0
22	对不起	對不起	dui4bu5qi3	duìbuqǐ	sorry	1	0	0	0	0
23	多	多	duo1	duō	many	1	0	0	0	0
24	多少	多少	duo1shao5	duōshao	how much?; how many?	1	0	0	0	0
25	儿子	兒子	er2zi5	érzi	son	1	0	0	0	0
26	二	二	er4	èr	two	1	0	0	0	0
27	饭店	飯店	fan4dian4	fàndiàn	restaurant; hotel	1	0	0	0	0
28	飞机	飛機	fei1ji1	fēijī	airplane	1	0	0	0	0
29	分钟	分鐘	fen1zhong1	fēnzhōng	minute; (measure word for time)	1	0	0	0	0
30	高兴	高興	gao1xing4	gāoxìng	happy; glad	1	0	0	0	0
31	个	個	ge5	ge	general measure word	1	0	0	0	0
32	工作	工作	gong1zuo4	gōngzuò	work; a job	1	0	0	0	0
33	狗	狗	gou3	gǒu	dog	1	0	0	0	0
34	汉语	漢語	Han4yu3	Hànyǔ	Chinese language	1	0	0	0	0
35	好	好	hao3	hǎo	good	1	0	0	0	0
36	号	號	hao4	hào	number; day of a month	1	0	0	0	0
37	喝	喝	he1	hē	to drink	1	0	0	0	0
38	和	和	he2	hé	and; with	1	0	0	0	0
39	很	很	hen3	hěn	very; quite	1	0	0	0	0
40	后面	后面	hou4mian5	hòumian	back; behind	1	0	0	0	0
41	回	回	hui2	huí	to return; to reply; to go back	1	0	0	0	0
42	会	會	hui4	huì	know how to	1	0	0	0	0
43	几	幾	ji3	jǐ	how many; several; a few	1	0	0	0	0
44	家	家	jia1	jiā	family; home	1	0	0	0	0
45	叫	叫	jiao4	jiào	to be called	1	0	0	0	0
46	今天	今天	jin1tian1	jīntiān	today	1	0	0	0	0
47	九	九	jiu3	jiǔ	nine	1	0	0	0	0
48	开	開	kai1	kāi	to open; to start; to operate (a vehicle)	1	0	0	0	0
49	看	看	kan4	kàn	see; look at; to watch	1	0	0	0	0
50	看见	看見	kan4jian4	kànjiàn	see; catch sight of	1	0	0	0	0
51	块	塊	kuai4	kuài	lump; piece; sum of money	1	0	0	0	0
52	来	來	lai2	lái	come; arrive; ever since; next	1	0	0	0	0
53	老师	老師	lao3shi1	lǎoshī	teacher	1	0	0	0	0
54	了	了	le5	le	indicates a completed or finished action	1	0	0	0	0
55	冷	冷	leng3	lěng	cold	1	0	0	0	0
56	里	裡	li3	lǐ	inside; Chinese mile (~.5 km)	1	0	0	0	0
57	六	六	liu4	liù	six	1	0	0	0	0
58	妈妈	媽媽	ma1ma5	māma	mom; mum	1	0	0	0	0
59	吗	嗎	ma5	ma	indicates a yes/no question (added to a statement)	1	0	0	0	0
60	买	買	mai3	mǎi	to buy	1	0	0	0	0
61	猫	貓	mao1	māo	cat	1	0	0	0	0
62	没关系	沒關系	mei2 guan1xi5	méi guānxi	it doesn't matter; never mind	1	0	0	0	0
63	没有	沒有	mei2you3	méiyǒu	not have; there is not	1	0	0	0	0
64	米饭	米飯	mi3fan4	mǐfàn	(cooked) rice	1	0	0	0	0
65	明天	明天	ming2tian1	míngtiān	tomorrow	1	0	0	0	0
66	名字	名字	ming2zi5	míngzi	name	1	0	0	0	0
67	哪	哪	na3	nǎa	which; how	1	0	0	0	0
68	哪儿	哪兒	na3r5	nǎr	where? (Beijing accent)	1	0	0	0	0
69	那	那	na4	nà	that; then	1	0	0	0	0
70	呢	呢	ne5	ne	indicates a question; how about...?;	1	0	0	0	0
71	能	能	neng2	néng	can; be able	1	0	0	0	0
72	你	你	ni3	nǐ	you (singular)	1	0	0	0	0
73	年	年	nian2	nián	year	1	0	0	0	0
74	女儿	女兒	nv3'er2	nǚ'ér	daughter	1	0	0	0	0
75	朋友	朋友	peng2you5	péngyou	friend	1	0	0	0	0
76	漂亮	漂亮	piao4liang5	piàoliang	pretty; beautiful	1	0	0	0	0
77	苹果	蘋果	ping2guo3	píngguǒ	apple	1	0	0	0	0
78	七	七	qi1	qī	seven	1	0	0	0	0
79	钱	錢	qian2	qián	money; coin	1	0	0	0	0
80	前面	前面	qian2mian4	qiánmiàn	in front	1	0	0	0	0
81	请	請	qing3	qǐng	please; invite; to treat someone to something	1	0	0	0	0
82	去	去	qu4	qù	go; to leave	1	0	0	0	0
83	热	熱	re4	rè	heat; hot	1	0	0	0	0
84	人	人	ren2	rén	person; man; people	1	0	0	0	0
85	认识	認識	ren4shi5	rènshi	recognize; know (a person)	1	0	0	0	0
86	三	三	san1	sān	three	1	0	0	0	0
87	商店	商店	shang1dian4	shāngdiàn	shop; store	1	0	0	0	0
88	上	上	shang4	shàng	above; up	1	0	0	0	0
89	上午	上午	shang4wu3	shàngwǔ	late morning (before noon)	1	0	0	0	0
90	少	少	shao3	shǎo	few; little	1	0	0	0	0
91	谁	誰	shei2	shéi	who	1	0	0	0	0
92	什么	什麼	shen2me5	shénme	what? (replaces the noun to turn a statement into a question)	1	0	0	0	0
93	十	十	shi2	shí	ten	1	0	0	0	0
94	时候	時候	shi2hou5	shíhou	time	1	0	0	0	0
95	是	是	shi4	shì	be; is; are; am	1	0	0	0	0
96	书	書	shu1	shū	book; letter	1	0	0	0	0
97	水	水	shui3	shuǐ	water	1	0	0	0	0
98	水果	水果	shui3guo3	shuǐguǒ	fruit	1	0	0	0	0
99	睡觉	睡覺	shui4 jiao4	shuì jiào	to sleep; go to bed	1	0	0	0	0
100	说	說	shuo1	shuō	speak	1	0	0	0	0
101	四	四	si4	sì	four	1	0	0	0	0
102	岁	歲	sui4	suì	years old; age	1	0	0	0	0
103	他	他	ta1	tā	he; him	1	0	0	0	0
104	她	她	ta1	tā	she	1	0	0	0	0
105	太	太	tai4	tài	too (much)	1	0	0	0	0
106	天气	天氣	tian1qi4	tiānqì	weather	1	0	0	0	0
107	听	聽	ting1	tīng	listen; hear	1	0	0	0	0
108	同学	同學	tong2xue2	tóngxué	fellow student; schoolmate	1	0	0	0	0
109	喂	喂	wei4	wèi	hello (on the phone)	1	0	0	0	0
110	我	我	wo3	wǒ	I; me	1	0	0	0	0
111	我们	我們	wo3men5	wǒmen	we; us	1	0	0	0	0
112	五	五	wu3	wǔ	five	1	0	0	0	0
113	喜欢	喜歡	xi3huan5	xǐhuan	to like	1	0	0	0	0
114	下	下	xia4	xià	fall; below	1	0	0	0	0
115	下午	下午	xia4wu3	xiàwǔ	afternoon	1	0	0	0	0
116	下雨	下雨	xia4yu3	xiàyǔ	to rain	1	0	0	0	0
117	先生	先生	xian1sheng5	xiānsheng	Mr.; Sir	1	0	0	0	0
118	现在	現在	xian4zai4	xiànzài	now	1	0	0	0	0
119	想	想	xiang3	xiǎng	think; believe; suppose; would like to	1	0	0	0	0
120	小	小	xiao3	xiǎo	small; young	1	0	0	0	0
121	小姐	小姐	xiao3jie5	xiǎojie	young lady; miss; Ms.	1	0	0	0	0
122	些	些	xie1	xiē	some; few; several	1	0	0	0	0
123	写	寫	xie3	xiě	to write; to compose	1	0	0	0	0
124	谢谢	謝謝	xie4xie5	xièxie	thank you	1	0	0	0	0
125	星期	星期	xing1qi1	xīngqī	week	1	0	0	0	0
126	学生	學生	xue2sheng5	xuésheng	student	1	0	0	0	0
127	学习	學習	xue2xi2	xuéxí	learn; to study	1	0	0	0	0
128	学校	學校	xue2xiao4	xuéxiào	school	1	0	0	0	0
129	一	一	yi1	yī	one; once; a	1	0	0	0	0
130	衣服	衣服	yi1fu5	yīfu	clothes	1	0	0	0	0
131	医生	醫生	yi1sheng1	yīshēng	doctor	1	0	0	0	0
132	医院	醫院	yi1yuan4	yīyuàn	hospital	1	0	0	0	0
133	椅子	椅子	yi3zi5	yǐzi	chair	1	0	0	0	0
134	一点儿	一點兒	yi4dian3r5	yìdiǎnr	a bit; a few	1	0	0	0	0
135	有	有	you3	yǒu	have	1	0	0	0	0
136	月	月	yue4	yuè	moon; month	1	0	0	0	0
137	在	在	zai4	zài	at; on; in; indicates an action in progress	1	0	0	0	0
138	再见	再見	zai4jian4	zàijiàn	goodbye; see you later	1	0	0	0	0
139	怎么	怎麼	zen3me5	zěnme	how?	1	0	0	0	0
140	怎么样	怎麼樣	zen3me5yang4	zěnmeyàng	how about?; how is/was it?	1	0	0	0	0
141	这	這	zhe4	zhè	this	1	0	0	0	0
142	中国	中國	Zhong1guo2	Zhōngguó	China	1	0	0	0	0
143	中午	中午	zhong1wu3	zhōngwǔ	noon; midday	1	0	0	0	0
144	住	住	zhu4	zhù	to live; reside; to stop	1	0	0	0	0
145	桌子	桌子	zhuo1zi5	zhuōzi	table; desk	1	0	0	0	0
146	字	字	zi4	zì	letter; character	1	0	0	0	0
147	昨天	昨天	zuo2tian1	zuótiān	yesterday	1	0	0	0	0
148	做	做	zuo4	zuò	do; make	1	0	0	0	0
149	坐	坐	zuo4	zuò	sit	1	0	0	0	0
150	吧	吧	ba5	ba	particle indicating polite suggestion; | onomatopoeia | bar (serving drinks, providing internet access, etc.)	2	0	0	0	0
151	白	白	bai2	bái	white; snowy; pure; bright; empty (Kangxi radical 106)	2	0	0	0	0
152	百	百	bai3	bǎi	hundred	2	0	0	0	0
153	帮助	幫助	bang1zhu4	bāngzhù	help; assist; aid	2	0	0	0	0
154	报纸	報紙	bao4zhi3	bàozhǐ	newspaper	2	0	0	0	0
155	比	比	bi3	bǐ	compare; (indicates comparison) (Kangxi radical 81); to gesticulate as one talks	2	0	0	0	0
156	别	別	bie2	bié	don't do something; don't | depart; | other; difference; distinguish	2	0	0	0	0
157	宾馆	賓館	bin1guan3	bīnguǎn	guesthouse; hotel	2	0	0	0	0
158	长	長	chang2, zhang3	cháng, zhǎng	long; length | grow; chief (Kangxi radical 168)	2	0	0	0	0
159	唱歌	唱歌	chang4ge1	chànggē	sing (a song)	2	0	0	0	0
160	出	出	chu1	chū	go out; occur	2	0	0	0	0
161	穿	穿	chuan1	chuān	to wear; put on; penetrate	2	0	0	0	0
162	次	次	ci4	cì	(mw for number of times of occurrence); nth; order	2	0	0	0	0
163	从	從	cong2	cóng	from; obey; observe	2	0	0	0	0
164	错	錯	cuo4	cuò	mistake; error; blunder; miss an opportunity	2	0	0	0	0
165	打篮球	打籃球	da3 lan2qiu2	dǎ lánqiú	play basketball	2	0	0	0	0
166	大家	大家	da4jia1	dàjiā	everyone	2	0	0	0	0
167	到	到	dao4	dào	arrive (at a place); until (a time)	2	0	0	0	0
168	得	得	de5	de	(complement particle)	2	0	0	0	0
169	等	等	deng3	děng	to wait; rank; equal; etc.	2	0	0	0	0
170	弟弟	弟弟	di4di5	dìdi	younger brother	2	0	0	0	0
171	第一	第一	di4yi1	dìyī	first; number 1	2	0	0	0	0
172	懂	懂	dong3	dǒng	understand; know	2	0	0	0	0
173	对	對	dui4	duì	correct; a pair; to face; be opposite; to; towards	2	0	0	0	0
174	房间	房間	fang2jian1	fángjiān	room	2	0	0	0	0
175	非常	非常	fei1chang2	fēicháng	extremely; extraordinary; very	2	0	0	0	0
176	服务员	服務員	fu2wu4yuan2	fúwùyuán	waiter/waitress; server; attendant	2	0	0	0	0
177	高	高	gao1	gāo	high; tall (Kangxi radical 189)	2	0	0	0	0
178	告诉	告訴	gao4su5	gàosu	to tell; inform	2	0	0	0	0
179	哥哥	哥哥	ge1ge5	gēge	older brother	2	0	0	0	0
180	给	給	gei3	gěi	to give; to grant; (passive particle)	2	0	0	0	0
181	公共汽车	公共汽車	gong1gong4 qi4che1	gōnggòng qìchē	(public) bus	2	0	0	0	0
182	公司	公司	gong1si1	gōngsī	company; corporation	2	0	0	0	0
183	贵	貴	gui4	guì	expensive; noble; honorable; Guizhou province (abbreviation)	2	0	0	0	0
184	过	過	guo4	guò	to pass; to cross; go over; (indicates a past experience)	2	0	0	0	0
185	还	還	hai2	hái	still; yet; in addition; even	2	0	0	0	0
186	孩子	孩子	hai2zi5	háizi	child; children; son or daughter	2	0	0	0	0
187	好吃	好吃	hao3chi1	hǎochī	tasty	2	0	0	0	0
188	黑	黑	hei1	hēi	black; dark (Kangxi radical 203); Heilongjiang province (abbreviation)	2	0	0	0	0
189	红	紅	hong2	hóng	red; symbol of success; bonus; popular	2	0	0	0	0
190	火车站	火車站	huo3che1zhan4	huǒchēzhàn	train station	2	0	0	0	0
191	机场	機場	ji1chang3	jīchǎng	airport; airfield	2	0	0	0	0
192	鸡蛋	雞蛋	ji1dan4	jīdàn	(chicken) egg	2	0	0	0	0
193	件	件	jian4	jiàn	(mw for things, clothes, and items)	2	0	0	0	0
194	教室	教室	jiao4shi4	jiàoshì	classroom	2	0	0	0	0
195	姐姐	姐姐	jie3jie5	jiějie	older sister	2	0	0	0	0
196	介绍	介紹	jie4shao4	jièshào	to introduce; recommend; introduction	2	0	0	0	0
197	进	進	jin4	jìn	enter; come in	2	0	0	0	0
198	近	近	jin4	jìn	near; close (to)	2	0	0	0	0
199	就	就	jiu4	jiù	then; at once; just; only; with regard to	2	0	0	0	0
200	觉得	覺得	jue2de5	juéde	feel; think	2	0	0	0	0
201	咖啡	咖啡	ka1fei1	kāfēi	coffee	2	0	0	0	0
202	开始	開始	kai1shi3	kāishǐ	begin; to start; beginning	2	0	0	0	0
203	考试	考試	kao3shi4	kǎoshì	test; exam; to give or take a test	2	0	0	0	0
204	可能	可能	ke3neng2	kěnéng	possible; maybe	2	0	0	0	0
205	可以	可以	ke3yi3	kěyǐ	can; may; possible; okay	2	0	0	0	0
206	课	課	ke4	kè	class; subject; lesson; course	2	0	0	0	0
207	快	快	kuai4	kuài	fast; quick; swift	2	0	0	0	0
208	快乐	快樂	kuai4le4	kuàilè	happy	2	0	0	0	0
209	累	累	lei4	lèi	tired	2	0	0	0	0
210	离	離	li2	lí	leave; depart; go away; apart from	2	0	0	0	0
211	两	兩	liang3	liǎng	two; 2; both; (unit of weight equal to 50 grams)	2	0	0	0	0
212	零	零	ling2	líng	zero; remnant	2	0	0	0	0
213	路	路	lu4	lù	road; path; journey; route	2	0	0	0	0
214	旅游	旅游	lv3you2	lǚyóu	trip; journey; tour	2	0	0	0	0
215	卖	賣	mai4	mài	to sell	2	0	0	0	0
216	慢	慢	man4	màn	slow	2	0	0	0	0
217	忙	忙	mang2	máng	busy	2	0	0	0	0
218	每	每	mei3	měi	each; every	2	0	0	0	0
219	妹妹	妹妹	mei4mei5	mèimei	younger sister	2	0	0	0	0
220	门	門	men2	mén	door; opening; gate (Kangxi radical 169)	2	0	0	0	0
221	面条	面條	mian4tiao2	miàntiáo	noodles	2	0	0	0	0
222	男	男	nan2	nán	male	2	0	0	0	0
223	您	您	nin2	nín	you (polite)	2	0	0	0	0
224	牛奶	牛奶	niu2nai3	niúnǎi	cow's milk	2	0	0	0	0
225	女	女	nv3	nǚ	woman; female (Kangxi radical 38)	2	0	0	0	0
226	旁边	旁邊	pang2bian1	pángbiān	side, beside	2	0	0	0	0
227	跑步	跑步	pao3bu4	pǎobù	to run; to jog	2	0	0	0	0
228	便宜	便宜	pian2yi5	piányi	cheap	2	0	0	0	0
229	票	票	piao4	piào	ticket; bank note; a vote	2	0	0	0	0
230	妻子	妻子	qi1zi5	qīzi	wife	2	0	0	0	0
231	起床	起床	qi3chuang2	qǐ chuáng	get out of bed	2	0	0	0	0
232	千	千	qian1	qiān	one thousand	2	0	0	0	0
233	铅笔	鉛筆	qian1bi3	qiānbǐ	pencil	2	0	0	0	0
234	晴	晴	qing2	qíng	clear; fine (as of weather)	2	0	0	0	0
235	去年	去年	qu4nian2	qùnián	last year	2	0	0	0	0
236	让	讓	rang4	ràng	ask; let; yield	2	0	0	0	0
237	日	日	ri4	rì	sun; day; date; time (Kangxi radical 72)	2	0	0	0	0
238	上班	上班	shang4ban1	shàngbān	go to work; be on duty	2	0	0	0	0
239	身体	身體	shen1ti3	shēntǐ	health; (human) body	2	0	0	0	0
240	生病	生病	sheng1bing4	shēngbìng	get sick; fall ill	2	0	0	0	0
241	生日	生日	sheng1ri4	shēngrì	birthday	2	0	0	0	0
242	时间	時間	shi2jian1	shíjiān	time; period	2	0	0	0	0
243	事情	事情	shi4qing5	shìqing	matter; affair; thing; business	2	0	0	0	0
244	手表	手表	shou3biao3	shǒubiǎo	wristwatch	2	0	0	0	0
245	手机	手機	shou3ji1	shǒujī	mobile (cell) phone	2	0	0	0	0
246	说话	說話	shuo1hua4	shuōhuà	to talk; speak	2	0	0	0	0
247	送	送	song4	sòng	deliver; to carry; to give; send	2	0	0	0	0
248	虽然	雖然	sui1ran2	suīrán	although; even though	2	0	0	0	0
249	但是	但是	dan4shi4	dànshì	but; however	2	0	0	0	0
250	它	它	ta1	tā	it	2	0	0	0	0
251	踢足球	踢足球	ti1zu2qiu2	tīzúqiú	to play football/soccer	2	0	0	0	0
252	题	題	ti2	tí	topic; subject; question on a test or assignment	2	0	0	0	0
253	跳舞	跳舞	tiao4wu3	tiàowǔ	to dance	2	0	0	0	0
254	外	外	wai4	wài	outer; outside; in addition; foreign	2	0	0	0	0
255	完	完	wan2	wán	to finish; be over; complete	2	0	0	0	0
256	玩	玩	wan2	wán	to play; have a good time; visit; enjoy	2	0	0	0	0
257	晚上	晚上	wan3shang5	wǎnshang	evening; night	2	0	0	0	0
258	往	往	wang3	wǎng	to go (in a direction); towards; in the past	2	0	0	0	0
259	为什么	為什麼	wei4shen2me5	wèishénme	why?; for what reason?	2	0	0	0	0
260	问	問	wen4	wèn	ask; inquire	2	0	0	0	0
261	问题	問題	wen4ti2	wèntí	question; problem	2	0	0	0	0
262	西瓜	西瓜	xi1gua1	xīguā	watermelon	2	0	0	0	0
263	希望	希望	xi1wang4	xīwàng	to hope; wish for; to desire	2	0	0	0	0
264	洗	洗	xi3	xǐ	to wash; bathe	2	0	0	0	0
265	小时	小時	xiao3shi2	xiǎoshí	hour	2	0	0	0	0
266	笑	笑	xiao4	xiào	to laugh; to smile	2	0	0	0	0
267	新	新	xin1	xīn	new; Xinjiang autonomous region (abbreviation)	2	0	0	0	0
268	姓	姓	xing4	xìng	surname; family name	2	0	0	0	0
269	休息	休息	xiu1xi5	xiūxi	to rest; take a break	2	0	0	0	0
270	雪	雪	xue3	xuě	snow	2	0	0	0	0
271	颜色	顏色	yan2se4	yánsè	color	2	0	0	0	0
272	眼睛	眼睛	yan3jing5	yǎnjing	eye	2	0	0	0	0
273	羊肉	羊肉	yang2rou4	yángròu	mutton; lamb	2	0	0	0	0
274	药	藥	yao4	yào	medicine; drug; cure; chemical	2	0	0	0	0
275	要	要	yao4	yào	to want; to need; will/shall; important	2	0	0	0	0
276	也	也	ye3	yě	also; too	2	0	0	0	0
277	一起	一起	yi4qi3	yìqǐ	together; in the same place	2	0	0	0	0
278	一下	一下	yi2xia4	yíxià	a little bit/while; one time; once	2	0	0	0	0
279	已经	已經	yi3jing5	yǐjing	already	2	0	0	0	0
280	意思	意思	yi4si5	yìsi	meaning; idea; opinion	2	0	0	0	0
281	因为	因為	yin1wei4	yīnwèi	because	2	0	0	0	0
282	所以	所以	suo3yi3	suǒyǐ	so; therefore; as a result	2	0	0	0	0
283	阴	陰	yin1	yīn	cloudy (weather); yin (the negative principle of Yin and Yang); secret; the moon; negative; shade	2	0	0	0	0
284	游泳	游泳	you2yong3	yóuyǒng	to swim	2	0	0	0	0
285	右边	右邊	you4bian5	yòubian	the right (as opposed to left) side	2	0	0	0	0
286	鱼	魚	yu2	yú	fish (Kangxi radical 195)	2	0	0	0	0
287	远	遠	yuan3	yuǎn	far; distant; remote	2	0	0	0	0
288	运动	運動	yun4dong4	yùndòng	(physical) exercise; movement; sports; campaign	2	0	0	0	0
289	再	再	zai4	zài	again; once more	2	0	0	0	0
290	早上	早上	zao3shang5	zǎoshang	(early) morning	2	0	0	0	0
291	丈夫	丈夫	zhang4fu5	zhàngfu	husband; man	2	0	0	0	0
292	找	找	zhao3	zhǎo	try to find; look for; seek; to give change	2	0	0	0	0
293	着	著	zhe5	zhe	-ing (indicating action in progress)	2	0	0	0	0
294	真	真	zhen1	zhēn	real; true; genuine	2	0	0	0	0
295	正在	正在	zheng4zai4	zhèngzài	in the process of (doing something); currently	2	0	0	0	0
296	知道	知道	zhi1dao5	zhīdao	know; be aware of	2	0	0	0	0
297	准备	准備	zhun3bei4	zhǔnbèi	prepare; get ready	2	0	0	0	0
298	走	走	zou3	zǒu	to walk; to go; to move (Kangxi radical 156)	2	0	0	0	0
299	最	最	zui4	zuì	the most; -est; (indicator for superlative)	2	0	0	0	0
300	左边	左邊	zuo3bian5	zuǒbian	the left side; the left	2	0	0	0	0
301	阿姨	阿姨	a1yi2	āyí	auntie; step-mother; mother's younger sister	3	0	0	0	0
302	啊	啊	a5	a	ah; (particle showing elation, doubt, puzzled surprise, or approval)	3	0	0	0	0
303	矮	矮	ai3	ǎi	short; low	3	0	0	0	0
304	爱好	愛好	ai4hao4	àihào	hobby; fond of; to like; interest	3	0	0	0	0
305	安静	安靜	an1jing4	ānjìng	quiet; peaceful; calm	3	0	0	0	0
306	把	把	ba3	bǎ	(mw for things with handles); (pretransitive particle); to hold	3	0	0	0	0
307	班	班	ban1	bān	team; class; squad	3	0	0	0	0
308	搬	搬	ban1	bān	to move; to transport	3	0	0	0	0
309	办法	辦法	ban4fa3	bànfǎ	method; way (of doing something)	3	0	0	0	0
310	办公室	辦公室	ban4gong1shi4	bàngōngshì	office	3	0	0	0	0
311	半	半	ban4	bàn	half; semi-; incomplete	3	0	0	0	0
312	帮忙	幫忙	bang1mang2	bāngmáng	to help	3	0	0	0	0
313	包	包	bao1	bāo	to cover; to wrap; to hold; include; (mw for containers, packages, etc.)	3	0	0	0	0
314	饱	飽	bao3	bǎo	eat until full; satisfied	3	0	0	0	0
315	北方	北方	bei3fang1	běifāng	north; the northern part of the country	3	0	0	0	0
316	被	被	bei4	bèi	by (indicates passive voice sentences); a quilt/blanket	3	0	0	0	0
317	鼻子	鼻子	bi2zi5	bízi	nose	3	0	0	0	0
318	比较	比較	bi3jiao4	bǐjiào	compare; contrast; relatively	3	0	0	0	0
319	比赛	比賽	bi3sai4	bǐsài	(sports) match; competition	3	0	0	0	0
320	笔记本	筆記本	bi3ji4ben3	bǐjìběn	notebook	3	0	0	0	0
321	必须	必須	bi4xu1	bìxū	must; have to	3	0	0	0	0
322	变化	變化	bian4hua4	biànhuà	change	3	0	0	0	0
323	别人	別人	bie2ren5	biéren	other people; others	3	0	0	0	0
324	冰箱	冰箱	bing1xiang1	bīngxiāng	refrigerator	3	0	0	0	0
325	不但	不但	bu2dan4	búdàn	not only	3	0	0	0	0
326	而且	而且	er2qie3	érqiě	moreover; in addition; as well as	3	0	0	0	0
327	菜单	菜單	cai4dan1	càidān	menu	3	0	0	0	0
328	参加	參加	can1jia1	cānjiā	participate; join; take part in	3	0	0	0	0
329	草	草	cao3	cǎo	grass; straw; draft (of a document)	3	0	0	0	0
330	层	層	ceng2	céng	(mw for layers, floors of buildings)	3	0	0	0	0
331	差	差	cha4	chà	differ from; fall short of; poor; inferior	3	0	0	0	0
332	超市	超市	chao1shi4	chāoshì	supermarket	3	0	0	0	0
333	衬衫	襯衫	chen4shan1	chènshān	shirt; blouse	3	0	0	0	0
334	成绩	成績	cheng2ji4	chéngjì	achievement; success; results (of work or study)	3	0	0	0	0
335	城市	城市	cheng2shi4	chéngshì	city or town	3	0	0	0	0
336	迟到	遲到	chi2dao4	chídào	arrive late	3	0	0	0	0
337	除了	除了	chu2le5	chúle	besides; except for; aside from; in addition to	3	0	0	0	0
338	船	船	chuan2	chuán	a boat; vessel; ship	3	0	0	0	0
339	春	春	chun1	chūn	spring (season); joyful	3	0	0	0	0
340	词典	詞典	ci2dian3	cídiǎn	dictionary	3	0	0	0	0
341	聪明	聰明	cong1ming5	cōngming	intelligent; clever; bright; smart	3	0	0	0	0
342	打扫	打掃	da3sao3	dǎsǎo	to clean; to sweep	3	0	0	0	0
343	打算	打算	da3suan4	dǎsuàn	to plan; intend	3	0	0	0	0
344	带	帶	dai4	dài	band; belt; ribbon; carry; bring; take along; bring up (kids)	3	0	0	0	0
345	担心	擔心	dan1xin1	dānxīn	to worry; feel anxious	3	0	0	0	0
346	蛋糕	蛋糕	dan4gao1	dàngāo	cake	3	0	0	0	0
347	当然	當然	dang1ran2	dāngrán	of course; naturally	3	0	0	0	0
348	地	地	di4, de5	dì, de	earth; ground | (adverbial particle)	3	0	0	0	0
349	灯	燈	deng1	dēng	lamp; light	3	0	0	0	0
350	地方	地方	di4fang5	dìfang	place; space; room; part, (fāng: local; regional)	3	0	0	0	0
351	地铁	地鐵	di4tie3	dìtiě	subway	3	0	0	0	0
352	地图	地圖	di4tu2	dìtú	map	3	0	0	0	0
353	电梯	電梯	dian4ti1	diàntī	elevator	3	0	0	0	0
354	电子邮件	電子郵件	dian4zi3 you2jian4	diànzǐ yóujiàn	email	3	0	0	0	0
355	东	東	dong1	dōng	East	3	0	0	0	0
356	冬	冬	dong1	dōng	winter	3	0	0	0	0
357	动物	動物	dong4wu4	dòngwù	animal	3	0	0	0	0
358	短	短	duan3	duǎn	short (in length, duration, or height); lack	3	0	0	0	0
359	段	段	duan4	duàn	paragraph; segment; section	3	0	0	0	0
360	锻炼	鍛煉	duan4lian4	duànliàn	to exercise; work out; toughen; to temper	3	0	0	0	0
361	多么	多麼	duo1me5	duōme	how (wonderful, etc.); what (a great idea)	3	0	0	0	0
362	饿	餓	e4	è	hungry	3	0	0	0	0
363	耳朵	耳朵	er3duo5	ěrduo	ear	3	0	0	0	0
364	发	發	fa1, fa4	fā, fà	send out; to issue; to show (one's feelings) | hair	3	0	0	0	0
365	发烧	發燒	fa1shao1	fāshāo	have a fever	3	0	0	0	0
366	发现	發現	fa1xian4	fāxiàn	discover; to find	3	0	0	0	0
367	方便	方便	fang1bian4	fāngbiàn	convenient	3	0	0	0	0
368	放	放	fang4	fàng	put; to place; to release; to free	3	0	0	0	0
369	放心	放心	fang4xin1	fàngxīn	relax; feel relieved; rest assured	3	0	0	0	0
370	分	分	fen1, fen4	fēn, fèn	divide; part; minute; cent | component; share; ingredient	3	0	0	0	0
371	附近	附近	fu4jin4	fùjìn	(in the) vicinity; nearby; neighboring	3	0	0	0	0
372	复习	復習	fu4xi2	fùxí	revise; to review	3	0	0	0	0
373	干净	干淨	gan1jing4	gānjìng	clean; neat and tidy	3	0	0	0	0
374	感冒	感冒	gan3mao4	gǎnmào	catch cold; (common) cold	3	0	0	0	0
375	感兴趣	感興趣	gan3 xing4qu4	gǎn xìngqù	be interested in	3	0	0	0	0
376	刚才	剛才	gang1cai2	gāngcái	just now; a moment ago	3	0	0	0	0
377	个子	個子	ge4zi5	gèzi	height; stature; build	3	0	0	0	0
378	根据	根據	gen1ju4	gēnjù	according to; based on; basis	3	0	0	0	0
379	跟	跟	gen1	gēn	to follow; go with; heel	3	0	0	0	0
380	更	更	geng4	gèng	more; even more	3	0	0	0	0
381	公斤	公斤	gong1jin1	gōngjīn	kilogram	3	0	0	0	0
382	公园	公園	gong1yuan2	gōngyuán	public park	3	0	0	0	0
383	故事	故事	gu4shi5	gùshi	story; tale	3	0	0	0	0
384	刮风	刮風	gua1feng1	guāfēng	windy; to blow (wind)	3	0	0	0	0
385	关	關	guan1	guān	to close; shut; concern; relationship; turn off; mountain pass	3	0	0	0	0
386	关系	關系	guan1xi5	guānxi	relation; to concern	3	0	0	0	0
387	关心	關心	guan1xin1	guānxīn	concerned about/with	3	0	0	0	0
388	关于	關於	guan1yu2	guānyú	about; regarding; concerning	3	0	0	0	0
389	国家	國家	guo2jia1	guójiā	country; state; nation	3	0	0	0	0
390	过	過	guo4	guò	to pass; to cross; go over; (indicates a past experience)	3	0	0	0	0
391	过去	過去	guo4qu4	guòqù	in the past; formerly	3	0	0	0	0
392	还是	還是	hai2shi5	háishi	or; still; nevertheless; had better	3	0	0	0	0
393	害怕	害怕	hai4pa4	hàipà	afraid of; to fear	3	0	0	0	0
394	黑板	黑板	hei1ban3	hēibǎn	blackboard	3	0	0	0	0
395	后来	后來	hou4lai2	hòulái	afterwards; after; later	3	0	0	0	0
396	护照	護照	hu4zhao4	hùzhào	passport	3	0	0	0	0
397	花	花	hua1	huā	flower; blossom; spend money; cost	3	0	0	0	0
398	画	畫	hua4	huà	draw; picture; painting	3	0	0	0	0
399	坏	壞	huai4	huài	bad; broken	3	0	0	0	0
400	欢迎	歡迎	huan1ying2	huānyíng	to welcome; greet	3	0	0	0	0
401	还	還	hai2	hái	still; yet; in addition; even	3	0	0	0	0
402	环境	環境	huan2jing4	huánjìng	environment; surroundings	3	0	0	0	0
403	换	換	huan4	huàn	change; to exchange; to barter; to trade	3	0	0	0	0
404	黄河	黃河	huang2he2	huánghé	Yellow River	3	0	0	0	0
405	回答	回答	hui2da2	huídá	to reply; to answer	3	0	0	0	0
406	会议	會議	hui4yi4	huìyì	meeting; conference	3	0	0	0	0
407	或者	或者	huo4zhe3	huòzhě	or; possible; maybe; perhaps	3	0	0	0	0
408	几乎	幾乎	ji1hu1	jīhū	almost	3	0	0	0	0
409	机会	機會	ji1hui4	jīhuì	opportunity; chance; occasion	3	0	0	0	0
410	极	極	ji2	jí	an extreme; pole; very	3	0	0	0	0
411	记得	記得	ji4de5	jìde	remember	3	0	0	0	0
412	季节	季節	ji4jie2	jìjié	season; time; period	3	0	0	0	0
413	检查	檢查	jian3cha2	jiǎnchá	to check; examine; inspect	3	0	0	0	0
414	简单	簡單	jian3dan1	jiǎndān	simple; not complicated	3	0	0	0	0
415	见面	見面	jian4mian4	jiànmiàn	meet/see somebody; meeting	3	0	0	0	0
416	健康	健康	jian4kang1	jiànkāng	health; healthy	3	0	0	0	0
417	讲	講	jiang3	jiǎng	to talk; to lecture; to explain; a speech	3	0	0	0	0
418	教	教	jiao1, jiao4	jiāo, jiào	teach; instruct | religion; teaching	3	0	0	0	0
419	角	角	jiao3, jue2	jiǎo, jué	horn; angle; unit of money (1/10 yuan); corner (Kangxi radical 148) | role (theater)	3	0	0	0	0
420	脚	腳	jiao3	jiǎo	foot (body part)	3	0	0	0	0
421	接	接	jie1	jiē	connect; to meet; to pick up (somebody); to receive	3	0	0	0	0
422	街道	街道	jie1dao4	jiēdào	street	3	0	0	0	0
423	节目	節目	jie2mu4	jiémù	program; item (on a program)	3	0	0	0	0
424	节日	節日	jie2ri4	jiérì	holiday; festival	3	0	0	0	0
425	结婚	結婚	jie2hun1	jiéhūn	get married	3	0	0	0	0
426	结束	結束	jie2shu4	jiéshù	to end; to finish; conclude	3	0	0	0	0
427	解决	解決	jie3jue2	jiějué	settle (a dispute); resolve; solve	3	0	0	0	0
428	借	借	jie4	jiè	lend; borrow; excuse	3	0	0	0	0
429	经常	經常	jing1chang2	jīngcháng	often; frequently; daily	3	0	0	0	0
430	经过	經過	jing1guo4	jīngguò	to pass; go through; as a result of	3	0	0	0	0
431	经理	經理	jing1li3	jīnglǐ	manager; director	3	0	0	0	0
432	久	久	jiu3	jiǔ	long (time)	3	0	0	0	0
433	旧	舊	jiu4	jiù	old; past; used	3	0	0	0	0
434	句子	句子	ju4zi5	jùzi	sentence	3	0	0	0	0
435	决定	決定	jue2ding4	juédìng	decide; resolve	3	0	0	0	0
436	可爱	可愛	ke3'ai4	kě'ài	cute; lovely	3	0	0	0	0
437	渴	渴	ke3	kě	thirsty	3	0	0	0	0
438	刻	刻	ke4	kè	quarter (hour); (mw for short time intervals); carve; to cut	3	0	0	0	0
439	客人	客人	ke4ren2	kèrén	guest; customer	3	0	0	0	0
440	空调	空調	kong1tiao2	kōngtiáo	air conditioning	3	0	0	0	0
441	口	口	kou3	kǒu	mouth (Kangxi radical 30)	3	0	0	0	0
442	哭	哭	ku1	kū	cry; weep	3	0	0	0	0
443	裤子	褲子	ku4zi5	kùzi	pants; trousers	3	0	0	0	0
444	筷子	筷子	kuai4zi5	kuàizi	chopsticks	3	0	0	0	0
445	蓝	藍	lan2	lán	blue	3	0	0	0	0
446	老	老	lao3	lǎo	old; aged; tough; often (Kangxi radical 125)	3	0	0	0	0
447	离开	離開	li2kai1	líkāi	leave; depart	3	0	0	0	0
448	礼物	禮物	li3wu4	lǐwù	gift; present	3	0	0	0	0
449	历史	歷史	li4shi3	lìshǐ	history	3	0	0	0	0
450	脸	臉	lian3	liǎn	face	3	0	0	0	0
451	练习	練習	lian4xi2	liànxí	practice; exercise	3	0	0	0	0
452	辆	輛	liang4	liàng	(mw for vehicles)	3	0	0	0	0
453	聊天	聊天	liao2tian1	liáotiān	to chat	3	0	0	0	0
454	了解	了解	liao3jie3	liǎojiě	comprehend; understand; know; find out	3	0	0	0	0
455	邻居	鄰居	lin2ju1	línjū	neighbor	3	0	0	0	0
456	留学	留學	liu2xue2	liúxué	study abroad	3	0	0	0	0
457	楼	樓	lou2	lóu	story; floor; (multi-story) building	3	0	0	0	0
458	绿	綠	lv4	lǜ	green	3	0	0	0	0
459	马	馬	ma3	mǎ	horse (Kangxi radical 187)	3	0	0	0	0
460	马上	馬上	ma3shang4	mǎshàng	at once; immediately; right away	3	0	0	0	0
461	满意	滿意	man3yi4	mǎnyì	satisfied; pleased	3	0	0	0	0
462	帽子	帽子	mao4zi5	màozi	hat; cap	3	0	0	0	0
463	米	米	mi3	mǐ	rice; meter (Kangxi radical 119)	3	0	0	0	0
464	面包	面包	mian4bao1	miànbāo	bread	3	0	0	0	0
465	明白	明白	ming2bai5	míngbai	clear; obvious; understand; explicit	3	0	0	0	0
466	拿	拿	na2	ná	carry in your hand; seize; to catch	3	0	0	0	0
467	奶奶	奶奶	nai3nai5	nǎinai	grandma; (informal) paternal grandmother	3	0	0	0	0
468	南	南	nan2	nán	South	3	0	0	0	0
469	难	難	nan2	nán	difficult	3	0	0	0	0
470	难过	難過	nan2guo4	nánguò	be grieved; be sad; have a hard time	3	0	0	0	0
471	年级	年級	nian2ji2	niánjí	grade; year (in school)	3	0	0	0	0
472	年轻	年輕	nian2qing1	niánqīng	young	3	0	0	0	0
473	鸟	鳥	niao3	niǎo	bird (Kangxi radical 196)	3	0	0	0	0
474	努力	努力	nu3li4	nǔlì	to work hard; to strive	3	0	0	0	0
475	爬山	爬山	pa2shan1	páshān	mountain climbing	3	0	0	0	0
476	盘子	盤子	pan2zi5	pánzi	plate; dish; tray	3	0	0	0	0
477	胖	胖	pang4	pàng	fat; plump	3	0	0	0	0
478	皮鞋	皮鞋	pi2xie2	píxié	leather shoes	3	0	0	0	0
479	啤酒	啤酒	pi2jiu3	píjiǔ	beer	3	0	0	0	0
480	瓶子	瓶子	ping2zi5	píngzi	bottle	3	0	0	0	0
481	其实	其實	qi2shi2	qíshí	actually; in fact	3	0	0	0	0
482	其他	其他	qi2ta1	qítā	other; else	3	0	0	0	0
483	奇怪	奇怪	qi2guai4	qíguài	strange; odd	3	0	0	0	0
484	骑	騎	qi2	qí	to ride (an animal or bike); to sit astride	3	0	0	0	0
485	起飞	起飛	qi3fei1	qǐfēi	take off (in an airplane); liftoff	3	0	0	0	0
486	起来	起來	qi3lai5	qǐlai	(beginning or continuing an action); to rise; get up (from bed)	3	0	0	0	0
487	清楚	清楚	qing1chu5	qīngchu	clear; distinct; be clear about	3	0	0	0	0
488	请假	請假	qing3jia4	qǐngjià	to ask for time off	3	0	0	0	0
489	秋	秋	qiu1	qiū	autumn; fall; harvest time	3	0	0	0	0
490	裙子	裙子	qun2zi5	qúnzi	skirt	3	0	0	0	0
491	然后	然后	ran2hou4	ránhòu	then; afterwards	3	0	0	0	0
492	热情	熱情	re4qing2	rèqíng	cordial; warm; enthusiastic	3	0	0	0	0
493	认为	認為	ren4wei2	rènwéi	believe; think that	3	0	0	0	0
494	认真	認真	ren4zhen1	rènzhēn	serious; earnest; take seriously	3	0	0	0	0
495	容易	容易	rong2yi4	róngyì	easy; likely; liable (to)	3	0	0	0	0
496	如果	如果	ru2guo3	rúguǒ	if; in the event that	3	0	0	0	0
497	伞	傘	san3	sǎn	umbrella; parasol	3	0	0	0	0
498	上网	上網	shang4wang3	shàngwǎng	to surf the web; to go online	3	0	0	0	0
499	生气	生氣	sheng1qi4	shēngqì	angry; mad	3	0	0	0	0
500	声音	聲音	sheng1yin1	shēngyīn	sound; voice	3	0	0	0	0
501	世界	世界	shi4jie4	shìjiè	world	3	0	0	0	0
502	试	試	shi4	shì	to try; to test; examination	3	0	0	0	0
503	瘦	瘦	shou4	shòu	thin; tight; lean	3	0	0	0	0
504	叔叔	叔叔	shu1shu5	shūshu	(informal) father's younger brother; uncle	3	0	0	0	0
505	舒服	舒服	shu1fu5	shūfu	comfortable; feeling well	3	0	0	0	0
506	树	樹	shu4	shù	tree	3	0	0	0	0
507	数学	數學	shu4xue2	shùxué	mathematics	3	0	0	0	0
508	刷牙	刷牙	shua1ya2	shuāyá	brush one's teeth	3	0	0	0	0
509	双	雙	shuang1	shuāng	two; double; (mw for pairs)	3	0	0	0	0
510	水平	水平	shui3ping2	shuǐpíng	level; standard; horizontal	3	0	0	0	0
511	司机	司機	si1ji1	sījī	driver; chauffeur	3	0	0	0	0
512	太阳	太陽	tai4yang2	tàiyáng	the sun	3	0	0	0	0
513	特别	特別	te4bie2	tèbié	special; especially; particular	3	0	0	0	0
514	疼	疼	teng2	téng	ache; sore; (it) hurts; love fondly	3	0	0	0	0
515	提高	提高	ti2gao1	tígāo	to raise; heighten; improve	3	0	0	0	0
516	体育	體育	ti3yu4	tǐyù	physical training; sports	3	0	0	0	0
517	甜	甜	tian2	tián	sweet	3	0	0	0	0
518	条	條	tiao2	tiáo	strip; (mw for long thin objects); item	3	0	0	0	0
519	同事	同事	tong2shi4	tóngshì	colleague; co-worker	3	0	0	0	0
520	同意	同意	tong2yi4	tóngyì	agree; to consent; approve	3	0	0	0	0
521	头发	頭發	tou2fa5	tóufa	hair (on the head)	3	0	0	0	0
522	突然	突然	tu1ran2	tūrán	sudden; abrupt	3	0	0	0	0
523	图书馆	圖書館	tu2shu1guan3	túshūguǎn	library	3	0	0	0	0
524	腿	腿	tui3	tuǐ	leg	3	0	0	0	0
525	完成	完成	wan2cheng2	wánchéng	to complete; accomplish; to fulfill	3	0	0	0	0
526	碗	碗	wan3	wǎn	bowl; cup	3	0	0	0	0
527	万	萬	wan4	wàn	ten thousand	3	0	0	0	0
528	忘记	忘記	wang4ji4	wàngjì	forget	3	0	0	0	0
529	为	為	wei4	wèi	for; because of; to; for the sake of	3	0	0	0	0
530	为了	為了	wei4le5	wèile	in order to; for the sake of; for the purpose of	3	0	0	0	0
531	位	位	wei4	wèi	position; location; (polite mw for people)	3	0	0	0	0
532	文化	文化	wen2hua4	wénhuà	culture; civilization	3	0	0	0	0
533	西	西	xi1	xī	West (Kangxi radical 146)	3	0	0	0	0
534	习惯	習慣	xi2guan4	xíguàn	habit; be accustomed to; usual practice	3	0	0	0	0
535	洗手间	洗手間	xi3shou3jian1	xǐshǒujiān	toilet; lavatory; washroom	3	0	0	0	0
536	洗澡	洗澡	xi3zao3	xǐzǎo	bathe; take a bath or shower; bath or shower	3	0	0	0	0
537	夏	夏	xia4	xià	summer	3	0	0	0	0
538	先	先	xian1	xiān	first; early; before	3	0	0	0	0
539	相信	相信	xiang1xin4	xiāngxìn	believe (sb.); be convinced of	3	0	0	0	0
540	香蕉	香蕉	xiang1jiao1	xiāngjiāo	banana	3	0	0	0	0
541	向	向	xiang4	xiàng	direction; towards; to turn; to face	3	0	0	0	0
542	像	像	xiang4	xiàng	be like; resemble; appearance; appear	3	0	0	0	0
543	小心	小心	xiao3xin1	xiǎoxīn	be careful	3	0	0	0	0
544	校长	校長	xiao4zhang3	xiàozhǎng	principal (of school, college or university); president; headmaster	3	0	0	0	0
545	新闻	新聞	xin1wen2	xīnwén	news	3	0	0	0	0
546	新鲜	新鮮	xin1xian1	xīnxiān	fresh (experience, food, etc.); new; novel	3	0	0	0	0
547	信用卡	信用卡	xin4yong4ka3	xìnyòngkǎ	credit card	3	0	0	0	0
548	行李箱	行李箱	xing2li3xiang1	xínglǐxiāng	trunk; suitcase	3	0	0	0	0
549	熊猫	熊貓	xiong2mao1	xióngmāo	panda	3	0	0	0	0
550	需要	需要	xu1yao4	xūyào	to need; to want; to demand	3	0	0	0	0
551	选择	選擇	xuan3ze2	xuǎnzé	select; to pick; choose	3	0	0	0	0
552	要求	要求	yao1qiu2	yāoqiú	to request; to demand; requirement	3	0	0	0	0
553	爷爷	爺爺	ye2ye5	yéye	(informal) father's father; paternal grandfather	3	0	0	0	0
554	一般	一般	yi4ban1	yìbān	general; ordinary; common; same	3	0	0	0	0
555	一边	一邊	yi4bian1	yìbiān	one side; on the one hand; at the same time	3	0	0	0	0
556	一定	一定	yi2ding4	yídìng	surely; certainly; necessarily; definite	3	0	0	0	0
557	一共	一共	yi2gong4	yígòng	altogether; in total	3	0	0	0	0
558	一会儿	一會兒	yi2hui4r5	yíhuìr	a while; a moment	3	0	0	0	0
559	一样	一樣	yi2yang4	yíyàng	the same; alike; equal to	3	0	0	0	0
560	一直	一直	yi4zhi2	yìzhí	always; all along; straight (in a straight line)	3	0	0	0	0
561	以前	以前	yi3qian2	yǐqián	before; formerly; previous	3	0	0	0	0
562	音乐	音樂	yin1yue4	yīnyuè	music	3	0	0	0	0
563	银行	銀行	yin2hang2	yínháng	bank	3	0	0	0	0
564	饮料	飲料	yin3liao4	yǐnliào	beverage; drink	3	0	0	0	0
565	应该	應該	ying1gai1	yīnggāi	should; ought to; must	3	0	0	0	0
566	影响	影響	ying3xiang3	yǐngxiǎng	influence; affect; effect	3	0	0	0	0
567	用	用	yong4	yòng	to use (Kangxi radical 101)	3	0	0	0	0
568	游戏	游戲	you2xi4	yóuxì	game; play; recreation	3	0	0	0	0
569	有名	有名	you3ming2	yǒumíng	famous; well-known	3	0	0	0	0
570	又	又	you4	yòu	(once) again; also; both (Kangxi radical 29)	3	0	0	0	0
571	遇到	遇到	yu4dao4	yùdào	to meet; run into; come across	3	0	0	0	0
572	元	元	yuan2	yuán	Chinese monetary unit; dollar; first; principal	3	0	0	0	0
573	愿意	願意	yuan4yi4	yuànyì	be willing; want to; be ready	3	0	0	0	0
574	月亮	月亮	yue4liang5	yuèliang	the moon	3	0	0	0	0
575	越	越	yue4	yuè	even more; the more; exceed	3	0	0	0	0
576	站	站	zhan4	zhàn	stand; a station; be on one's feet; service center	3	0	0	0	0
577	张	張	zhang1	zhāng	(mw for flat objects); to spread out; (common surname)	3	0	0	0	0
578	长	長	chang2, zhang3	cháng, zhǎng	long; length | grow; chief (Kangxi radical 168)	3	0	0	0	0
579	着急	著急	zhao2ji2	zháojí	to worry; feel anxious	3	0	0	0	0
580	照顾	照顧	zhao4gu5	zhàogu	take care of; look after; give consideration	3	0	0	0	0
581	照片	照片	zhao4pian4	zhàopiàn	picture; photograph	3	0	0	0	0
582	照相机	照相機	zhao4xiang4ji1	zhàoxiàngjī	camera	3	0	0	0	0
583	只	隻	zhi1, zhi3	zhī, zhǐ	but; only; merely; just | (mw for birds and certain animals)	3	0	0	0	0
584	只有	隻有	zhi3you3	zhǐyǒu	only	3	0	0	0	0
585	才	才	cai2	cái	ability; talent; just now; not until	3	0	0	0	0
586	中间	中間	zhong1jian1	zhōngjiān	center; middle; between; among	3	0	0	0	0
587	中文	中文	Zhong1wen2	Zhōngwén	Chinese (language)	3	0	0	0	0
588	终于	終於	zhong1yu2	zhōngyú	at last; in the end; finally	3	0	0	0	0
589	种	種	zhong3	zhǒng	type; breed; race; seed	3	0	0	0	0
590	重要	重要	zhong4yao4	zhòngyào	important; significant; major	3	0	0	0	0
591	周末	周末	zhou1mo4	zhōumò	weekend	3	0	0	0	0
592	主要	主要	zhu3yao4	zhǔyào	main; principal; major	3	0	0	0	0
593	注意	注意	zhu4yi4	zhùyì	pay attention to; take notice of; be careful	3	0	0	0	0
594	自己	自己	zi4ji3	zìjǐ	oneself; self	3	0	0	0	0
595	自行车	自行車	zi4xing2che1	zìxíngchē	bike; bicycle	3	0	0	0	0
596	总是	總是	zong3shi4	zǒngshì	always; eventually	3	0	0	0	0
597	嘴	嘴	zui3	zuǐ	mouth	3	0	0	0	0
598	最后	最后	zui4hou4	zuìhòu	last; final; ultimately	3	0	0	0	0
599	最近	最近	zui4jin4	zuìjìn	recently; lately; these days	3	0	0	0	0
600	作业	作業	zuo4ye4	zuòyè	school assignment; homework; task	3	0	0	0	0
601	爱情	愛情	ai4qing2	àiqíng	(romantic) love	4	0	0	0	0
602	安排	安排	an1pai2	ānpái	arrange; to plan	4	0	0	0	0
603	安全	安全	an1quan2	ānquán	safe; safety; secure; security	4	0	0	0	0
604	按时	按時	an4shi2	ànshí	on time; on schedule	4	0	0	0	0
605	按照	按照	an4zhao4	ànzhào	according to; in accordance with; in light of	4	0	0	0	0
606	百分之	百分之	bai3fen1zhi1	bǎifēnzhī	percent	4	0	0	0	0
607	棒	棒	bang4	bàng	stick; club; good; excellent	4	0	0	0	0
608	包子	包子	bao1zi	bāozi	steamed stuffed bun	4	0	0	0	0
609	保护	保護	bao3hu4	bǎohù	to protect; to defend	4	0	0	0	0
610	保证	保證	bao3zheng4	bǎozhèng	to guarantee; ensure	4	0	0	0	0
611	报名	報名	bao4 ming2	bào míng	sign up; apply	4	0	0	0	0
612	抱	抱	bao4	bào	to hold; to hug; carry in one's arms; to cradle	4	0	0	0	0
613	抱歉	抱歉	bao4qian4	bàoqiàn	be sorry; feel apologetic; to regret	4	0	0	0	0
614	倍	倍	bei4	bèi	(two, three, etc)-fold; times (multiplier)	4	0	0	0	0
615	本来	本來	ben3lai2	běnlái	originally; at first	4	0	0	0	0
616	笨	笨	ben4	bèn	stupid; foolish; silly; dumb; clumsy	4	0	0	0	0
617	比如	比如	bi3ru2	bǐrú	for example; for instance; such as	4	0	0	0	0
618	毕业	畢業	bi4 ye4	bì yè	to graduate; to finish school	4	0	0	0	0
619	遍	遍	bian4	biàn	a time; everywhere; turn; (mw for times or turns)	4	0	0	0	0
620	标准	標准	biao1zhun3	biāozhǔn	(an official) standard; norm; criterion	4	0	0	0	0
621	表格	表格	biao3ge2	biǎogé	form (document)	4	0	0	0	0
622	表示	表示	biao3shi4	biǎoshì	express; show; indicate	4	0	0	0	0
623	表演	表演	biao3yan3	biǎoyǎn	perform; to play	4	0	0	0	0
624	表扬	表揚	biao3yang2	biǎoyáng	to praise; commend	4	0	0	0	0
625	饼干	餅幹	bing3gan1	bǐnggān	biscuit; cracker; cookie	4	0	0	0	0
626	并且	並且	bing4qie3	bìngqiě	and; besides; moreover	4	0	0	0	0
627	博士	博士	bo2shi4	bóshì	doctor; PhD	4	0	0	0	0
628	不得不	不得不	bu4 de2 bu4	bù dé bù	have to; have no choice but to; cannot but	4	0	0	0	0
629	不管	不管	bu4guan3	bùguǎn	no matter (what, how, etc.); regardless of	4	0	0	0	0
630	不过	不過	bu2guo4	búguò	only; merely; but; however	4	0	0	0	0
631	不仅	不僅	bu4jin3	bùjǐn	not only; not just	4	0	0	0	0
632	部分	部分	bu4fen	bùfen	part; share; section	4	0	0	0	0
633	擦	擦	ca1	cā	to wipe; to rub; to polish	4	0	0	0	0
634	猜	猜	cai1	cāi	to guess	4	0	0	0	0
635	材料	材料	cai2liao4	cáiliào	material	4	0	0	0	0
636	参观	參觀	cang1uan1	cānguān	to visit (a place, such as a tourist spot); inspect	4	0	0	0	0
637	餐厅	餐廳	can1ting1	cāntīng	dining hall; cafeteria; restaurant	4	0	0	0	0
638	厕所	廁所	ce4suo3	cèsuǒ	bathroom; toilet; lavatory	4	0	0	0	0
639	差不多	差不多	cha4buduo1	chàbuduō	almost; about the same	4	0	0	0	0
640	长城	長城	chang2cheng2	chángchéng	the Great Wall	4	0	0	0	0
641	长江	長江	Chang2jiang1	Chángjiāng	the Yangtze River; the Changjiang River	4	0	0	0	0
642	尝	嘗	chang2	cháng	to taste; flavor; (past tense marker)	4	0	0	0	0
643	场	場	chang3	chǎng	courtyard; place; field; (mw for games, performances, etc.)	4	0	0	0	0
644	超过	超過	chao1guo4	chāoguò	surpass; exceed; outstrip	4	0	0	0	0
645	成功	成功	cheng2gong1	chénggōng	success; to succeed	4	0	0	0	0
646	成为	成爲	cheng2wei2	chéngwéi	become; turn into	4	0	0	0	0
647	诚实	誠實	cheng2shi2	chéngshí	honest; honorable	4	0	0	0	0
648	乘坐	乘坐	cheng2zuo4	chéngzuò	ride; get into (a vehicle)	4	0	0	0	0
649	吃惊	吃驚	chi1 jing1	chī jīng	be startled; be shocked; be amazed	4	0	0	0	0
650	重新	重新	chong2xin1	chóngxīn	again; anew; once more	4	0	0	0	0
651	抽烟	抽煙	chou1yan1	chōuyān	to smoke (a cigarette, pipe, etc.)	4	0	0	0	0
652	出差	出差	chu1 chai1	chū chāi	go on a business trip	4	0	0	0	0
653	出发	出發	chu1fa1	chūfā	start out; set off	4	0	0	0	0
654	出生	出生	chu1sheng1	chūshēng	be born	4	0	0	0	0
655	出现	出現	chu1xian4	chūxiàn	appear; arise; emerge	4	0	0	0	0
656	厨房	廚房	chu2fang2	chúfáng	kitchen	4	0	0	0	0
657	传真	傳真	chuan2zhen1	chuánzhēn	fax; facsimile	4	0	0	0	0
658	窗户	窗戶	chuang1hu	chuānghu	window	4	0	0	0	0
659	词语	詞語	ci2yu3	cíyǔ	words and expressions; terms	4	0	0	0	0
660	从来	從來	cong2lai2	cónglái	always; at all times	4	0	0	0	0
661	粗心	粗心	cu1xin1	cūxīn	careless; inadvertent; negligent	4	0	0	0	0
662	存	存	cun2	cún	exist; to deposit; to store	4	0	0	0	0
663	错误	錯誤	cuo4wu4	cuòwù	error; mistake; mistaken	4	0	0	0	0
664	答案	答案	da2'an4	dá'àn	answer; solution	4	0	0	0	0
665	打扮	打扮	da3ban	dǎban	dress up; put on make up	4	0	0	0	0
666	打扰	打擾	da3rao3	dǎrǎo	disturb	4	0	0	0	0
667	打印	打印	da3yin4	dǎyìn	to print	4	0	0	0	0
668	打招呼	打招呼	da3zhao1hu	dǎzhāohu	notify; greet; inform	4	0	0	0	0
669	打折	打折	da3zhe2	dǎzhé	sell at a discount	4	0	0	0	0
670	打针	打針	da3zhen1	dǎzhēn	inject; get a shot	4	0	0	0	0
671	大概	大概	da4gai4	dàgài	probably; roughly; approximate	4	0	0	0	0
672	大使馆	大使館	da4shi3guan3	dàshǐguǎn	embassy	4	0	0	0	0
673	大约	大約	da4yue1	dàyuē	approximately; about	4	0	0	0	0
674	大夫	大夫	dai4fu	dàifu	doctor; physician	4	0	0	0	0
675	戴	戴	dai4	dài	put on; to wear; to respect	4	0	0	0	0
676	当	當	dang1	dāng	should; act as; work as; manage; match; (sound of bells)	4	0	0	0	0
677	当时	當時	dang1shi2	dāngshí	then; at that time; while	4	0	0	0	0
678	刀	刀	dao1	dāo	knife; blade (Kangxi radical 18)	4	0	0	0	0
679	导游	導遊	dao3you2	dǎoyóu	tour guide	4	0	0	0	0
680	到处	到處	dao4chu4	dàochù	everywhere; in all places; all over	4	0	0	0	0
681	到底	到底	dao4 di3	dào dǐ	after all; in the end (used in a question)	4	0	0	0	0
682	倒	倒	dao3, dao4	dǎo, dào	to collapse; to fall; fail; to exchange | to pour; contrary to expectations	4	0	0	0	0
683	道歉	道歉	dao4qian4	dàoqiàn	apologize; make an apology	4	0	0	0	0
684	得意	得意	de2yi4	déyì	proud of oneself; complacent	4	0	0	0	0
685	得	得	de	de	(complement particle)	4	0	0	0	0
686	登机牌	登機牌	deng1ji1pai2	dēngjīpái	boarding pass	4	0	0	0	0
687	等	等	deng3	děng	to wait; rank; equal; etc.	4	0	0	0	0
688	低	低	di1	dī	low; to lower (one's head); droop	4	0	0	0	0
689	底	底	di3	dǐ	bottom; background; base	4	0	0	0	0
690	地点	地點	di4dian3	dìdiǎn	place; site; location	4	0	0	0	0
691	地球	地球	di4qiu2	dìqiú	the Earth; planet	4	0	0	0	0
692	地址	地址	di4zhi3	dìzhǐ	address	4	0	0	0	0
693	调查	調查	diao4cha2	diàochá	investigate; survey; inquiry	4	0	0	0	0
694	掉	掉	diao4	diào	to drop; to fall	4	0	0	0	0
695	丢	丟	diu1	diū	lose (something); throw; put aside	4	0	0	0	0
696	动作	動作	dong4zuo4	dòngzuò	movement; motion; action	4	0	0	0	0
697	堵车	堵車	du3che1	dǔchē	traffic jam	4	0	0	0	0
698	肚子	肚子	du4zi	dùzi	belly; abdomen; stomach	4	0	0	0	0
699	短信	短信	duan3xin4	duǎnxìn	text message; SMS	4	0	0	0	0
700	对话	對話	dui4hua4	duìhuà	dialogue; conversation	4	0	0	0	0
701	对面	對面	dui4mian4	duìmiàn	opposite; across from; the other side	4	0	0	0	0
702	对于	對于	dui4yu2	duìyú	regarding; as far as sth. is concerned; with regards to; for	4	0	0	0	0
703	儿童	兒童	er2tong2	értóng	child; children	4	0	0	0	0
704	而	而	er2	ér	and; but; yet; while (Kangxi radical 126)	4	0	0	0	0
705	发生	發生	fa1sheng1	fāshēng	happen; occur; take place	4	0	0	0	0
706	发展	發展	fa1zhan3	fāzhǎn	develop; development; growth	4	0	0	0	0
707	法律	法律	fa3lü4	fǎlǜ	law; statute	4	0	0	0	0
708	翻译	翻譯	fan1yi4	fānyì	translate; translation; interpret	4	0	0	0	0
709	烦恼	煩惱	fan2nao3	fánnǎo	worried; vexed	4	0	0	0	0
710	反对	反對	fan3dui4	fǎnduì	oppose; fight against	4	0	0	0	0
711	方法	方法	fang1fa3	fāngfǎ	method; way; means	4	0	0	0	0
712	方面	方面	fang1mian4	fāngmiàn	aspect; field; side	4	0	0	0	0
713	方向	方向	fang1xiang4	fāngxiàng	direction; orientation	4	0	0	0	0
714	房东	房東	fang2dong1	fángdōng	landlord	4	0	0	0	0
715	放弃	放棄	fang4qi4	fàngqì	abandon; renounce; give up	4	0	0	0	0
716	放暑假	放暑假	fang4 shu3jia4	fàng shǔjià	have summer vacation	4	0	0	0	0
717	放松	放松	fang4song1	fàngsōng	relax; loosen; slacken	4	0	0	0	0
718	份	份	fen4	fèn	part; portion; (mw for documents, papers, jobs, etc.)	4	0	0	0	0
719	丰富	豐富	feng1fu4	fēngfù	rich; enrich; abundant; plentiful	4	0	0	0	0
720	否则	否則	fou3ze2	fǒuzé	if not; otherwise; or else	4	0	0	0	0
721	符合	符合	fu2he2	fúhé	in keeping with; in accordance with; conform	4	0	0	0	0
722	父亲	父親	fu4qin	fùqin	father	4	0	0	0	0
723	付款	付款	fu4 kuan3	fù kuǎn	to pay	4	0	0	0	0
724	负责	負責	fu4ze2	fùzé	responsible for (something); in charge of	4	0	0	0	0
725	复印	複印	fu4yin4	fùyìn	photocopy; duplicate	4	0	0	0	0
726	复杂	複雜	fu4za2	fùzá	complicated; complex	4	0	0	0	0
727	富	富	fu4	fù	wealthy	4	0	0	0	0
728	改变	改變	gai3bian4	gǎibiàn	to change; alter; to transform	4	0	0	0	0
729	干杯	幹杯	gan1 bei1	gān bēi	to drink a toast; cheers!; bottoms up!	4	0	0	0	0
730	赶	趕	gan3	gǎn	catch up; overtake; drive away	4	0	0	0	0
731	敢	敢	gan3	gǎn	to dare	4	0	0	0	0
732	感动	感動	gan3dong4	gǎndòng	be moved; to touch emotionally	4	0	0	0	0
733	感觉	感覺	gan3jue2	gǎnjué	to feel; become aware of; feeling	4	0	0	0	0
734	感情	感情	gan3qing2	gǎnqíng	feeling; emotion; sensation	4	0	0	0	0
735	感谢	感謝	gan3xie4	gǎnxiè	thank; be grateful	4	0	0	0	0
736	干	幹	gan1	gān	to concern; shield; dry; clean (Kangxi radical 51)	4	0	0	0	0
737	刚	剛	gang1	gāng	just (indicating the immediate past); recently; firm	4	0	0	0	0
738	高速公路	高速公路	gao1su4 gong1lu4	gāosù gōnglù	highway	4	0	0	0	0
739	胳膊	胳膊	ge1bo	gēbo	arm	4	0	0	0	0
740	各	各	ge4	gè	each; every	4	0	0	0	0
741	工资	工資	gong1zi1	gōngzī	wages; pay; earnings; salary	4	0	0	0	0
742	公里	公裏	gong1li3	gōnglǐ	kilometer	4	0	0	0	0
743	功夫	功夫	gong1fu	gōngfu	kung fu; skill; art; labor	4	0	0	0	0
744	共同	共同	gong4tong2	gòngtóng	together; common; joint	4	0	0	0	0
745	购物	購物	gou4wu4	gòuwù	go shopping; buy goods	4	0	0	0	0
746	够	夠	gou4	gòu	enough; to reach	4	0	0	0	0
747	估计	估計	gu1ji4	gūjì	appraise; estimate	4	0	0	0	0
748	鼓励	鼓勵	gu3li4	gǔlì	encourage; inspire	4	0	0	0	0
749	故意	故意	gu4yi4	gùyì	deliberately; intentional; on purpose	4	0	0	0	0
750	顾客	顧客	gu4ke4	gùkè	customer; client	4	0	0	0	0
751	挂	挂	gua4	guà	hang; put up; suspend	4	0	0	0	0
752	关键	關鍵	guan1jian4	guānjiàn	crucial; key; pivotal	4	0	0	0	0
753	观众	觀衆	guan1zhong4	guānzhòng	spectator; audience	4	0	0	0	0
754	管理	管理	guan3li3	guǎnlǐ	supervise; manage	4	0	0	0	0
755	光	光	guang1	guāng	light; ray; bright; only; merely; used up	4	0	0	0	0
756	广播	廣播	guang3bo1	guǎngbō	broadcast; on the air	4	0	0	0	0
757	广告	廣告	guang3gao4	guǎnggào	advertisement; a commercial	4	0	0	0	0
758	逛	逛	guang4	guàng	to stroll; to visit; go window shopping	4	0	0	0	0
759	规定	規定	gui1ding4	guīdìng	regulation; stipulate; fix; set	4	0	0	0	0
760	国籍	國籍	guo2ji2	guójí	nationality	4	0	0	0	0
761	国际	國際	guo2ji4	guójì	international	4	0	0	0	0
762	果汁	果汁	guo3zhi1	guǒzhī	fruit juice	4	0	0	0	0
763	过程	過程	guo4cheng2	guòchéng	course of events; process	4	0	0	0	0
764	海洋	海洋	hai3yang2	hǎiyáng	ocean	4	0	0	0	0
765	害羞	害羞	hai4 xiu1	hài xiū	blush; shy	4	0	0	0	0
766	寒假	寒假	han2jia4	hánjià	winter vacation	4	0	0	0	0
767	汗	汗	han4	hàn	sweat; perspiration; Khan	4	0	0	0	0
768	航班	航班	hang2ban1	hángbān	scheduled flight; flight number	4	0	0	0	0
769	好处	好處	hao3chu	hǎochu	benefit; advantage	4	0	0	0	0
770	好像	好像	hao3xiang4	hǎoxiàng	as if; seem to be	4	0	0	0	0
771	号码	號碼	hao4ma3	hàomǎ	number	4	0	0	0	0
772	合格	合格	he2ge2	hégé	qualified; up to standard	4	0	0	0	0
773	合适	合適	he2shi4	héshì	suitable; proper; appropriate	4	0	0	0	0
774	盒子	盒子	he2zi	hézi	box	4	0	0	0	0
775	后悔	後悔	hou4hui3	hòuhuǐ	to regret; repent	4	0	0	0	0
776	厚	厚	hou4	hòu	thick (for flat things); generous	4	0	0	0	0
777	互联网	互聯網	Hu4lian2wang3	Hùliánwǎng	Internet	4	0	0	0	0
778	互相	互相	hu4xiang1	hùxiāng	mutually; with each other	4	0	0	0	0
779	护士	護士	hu4shi	hùshi	nurse	4	0	0	0	0
780	怀疑	懷疑	huai2yi2	huáiyí	doubt; to suspect; be skeptical	4	0	0	0	0
781	回忆	回憶	hui2yi4	huíyì	to recall; recollect	4	0	0	0	0
782	活动	活動	huo2dong4	huódòng	activity; exercise; move about	4	0	0	0	0
783	活泼	活潑	huo2po	huópo	lively; vivacious	4	0	0	0	0
784	火	火	huo3	huǒ	fire (Kangxi radical 86)	4	0	0	0	0
785	获得	獲得	huo4de2	huòdé	obtain; acquire; to gain	4	0	0	0	0
786	积极	積極	ji1ji2	jījí	active; positive; energetic	4	0	0	0	0
787	积累	積累	ji1lei3	jīlěi	accumulate; accumulation	4	0	0	0	0
788	基础	基礎	ji1chu3	jīchǔ	base; foundation	4	0	0	0	0
789	激动	激動	ji1dong4	jīdòng	excite; agitate	4	0	0	0	0
790	及时	及時	ji2shi2	jíshí	timely; in time; promptly; without delay	4	0	0	0	0
791	即使	即使	ji2shi3	jíshǐ	even if; even though	4	0	0	0	0
792	计划	計劃	ji4hua4	jìhuà	plan; project	4	0	0	0	0
793	记者	記者	ji4zhe3	jìzhě	reporter; journalist	4	0	0	0	0
794	技术	技術	ji4shu4	jìshù	technology; technique; skill	4	0	0	0	0
795	既然	既然	ji4ran2	jìrán	since; given that; now that	4	0	0	0	0
796	继续	繼續	ji4xu4	jìxù	to continue; to go on; to proceed	4	0	0	0	0
797	寄	寄	ji4	jì	send by mail	4	0	0	0	0
798	加班	加班	jia1 ban1	jiā bān	work overtime	4	0	0	0	0
799	加油站	加油站	jia1you2zhan4	jiāyóuzhàn	gas station	4	0	0	0	0
800	家具	家具	jia1ju4	jiājù	furniture	4	0	0	0	0
801	假	假	jia3, jia4	jiǎ, jià	fake; if; borrow | vacation; holiday	4	0	0	0	0
802	价格	價格	jia4ge2	jiàgé	price	4	0	0	0	0
803	坚持	堅持	jian1chi2	jiānchí	persist in; persevere	4	0	0	0	0
804	减肥	減肥	jian3fei2	jiǎnféi	go on a diet; lose weight	4	0	0	0	0
805	减少	減少	jian3shao3	jiǎnshǎo	reduce; to decrease	4	0	0	0	0
806	建议	建議	jian4yi4	jiànyì	to propose; to suggest; recommend	4	0	0	0	0
807	将来	將來	jiang1lai2	jiānglái	the future	4	0	0	0	0
808	奖金	獎金	jiang3jin1	jiǎngjīn	bonus	4	0	0	0	0
809	降低	降低	jiang4di1	jiàngdī	reduce; to lower; to drop	4	0	0	0	0
810	降落	降落	jiang4luo4	jiàngluò	descend; to land; put down	4	0	0	0	0
811	交	交	jiao1	jiāo	deliver; turn over; intersect; to pay (money); friendship	4	0	0	0	0
812	交流	交流	jiao1liu2	jiāoliú	communicate; exchange; give and take; interaction; to alternate	4	0	0	0	0
813	交通	交通	jiao1tong1	jiāotōng	traffic; transportation	4	0	0	0	0
814	郊区	郊區	jiao1qu1	jiāoqū	suburbs; outskirts	4	0	0	0	0
815	骄傲	驕傲	jiao1'ao4	jiāo'ào	proud; arrogant; conceited; take pride in	4	0	0	0	0
816	饺子	餃子	jiao3zi	jiǎozi	dumpling; potsticker	4	0	0	0	0
817	教授	教授	jiao4shou4	jiàoshòu	professor; instruct; to lecture	4	0	0	0	0
818	教育	教育	jiao4yu4	jiàoyù	education	4	0	0	0	0
819	接受	接受	jie1shou4	jiēshòu	accept; receive (honors, etc.)	4	0	0	0	0
820	接着	接著	jie1zhe	jiēzhe	continue; carry on; to catch; follow	4	0	0	0	0
821	节	節	jie2	jié	section; part; festival; moral integrity; save; (mw for class periods)	4	0	0	0	0
822	节约	節約	jie2yue1	jiéyuē	frugal; to save	4	0	0	0	0
823	结果	結果	jie2guo3	jiéguǒ	result; outcome; finally	4	0	0	0	0
824	解释	解釋	jie3shi4	jiěshì	to explain	4	0	0	0	0
825	尽管	盡管	jing3uan3	jǐnguǎn	despite; although; even though | freely; without hesitation	4	0	0	0	0
826	紧张	緊張	jin3zhang1	jǐnzhāng	nervous; tension; strain	4	0	0	0	0
827	进行	進行	jin4xing2	jìnxíng	carry on; carry out; undertake	4	0	0	0	0
828	禁止	禁止	jin4zhi3	jìnzhǐ	to ban; prohibit	4	0	0	0	0
829	京剧	京劇	jing1ju4	jīngjù	Beijing Opera	4	0	0	0	0
830	经济	經濟	jing1ji4	jīngjì	economy; economic	4	0	0	0	0
831	经历	經曆	jing1li4	jīnglì	undergo; to experience	4	0	0	0	0
832	经验	經驗	jing1yan4	jīngyàn	experience	4	0	0	0	0
833	精彩	精彩	jing1cai3	jīngcǎi	brilliant; spectacular; wonderful	4	0	0	0	0
834	景色	景色	jing3se4	jǐngsè	scenery; landscape; scene; view	4	0	0	0	0
835	警察	警察	jing3cha2	jǐngchá	police	4	0	0	0	0
836	竞争	競爭	jing4zheng1	jìngzhēng	compete	4	0	0	0	0
837	竟然	竟然	jing4ran2	jìngrán	unexpectedly; to one's surprise; go so far as to	4	0	0	0	0
838	镜子	鏡子	jing4zi	jìngzi	mirror	4	0	0	0	0
839	究竟	究竟	jiu1jing4	jiūjìng	after all; when all is said and done; actually	4	0	0	0	0
840	举	舉	ju3	jǔ	lift; raise; cite	4	0	0	0	0
841	举办	舉辦	ju3ban4	jǔbàn	to conduct; to hold	4	0	0	0	0
842	举行	舉行	ju3xing2	jǔxíng	convene; to hold (a meeting, ceremony, etc.)	4	0	0	0	0
843	拒绝	拒絕	ju4jue2	jùjué	to refuse; to decline; to reject	4	0	0	0	0
844	距离	距離	ju4li2	jùlí	distance; be apart; away from	4	0	0	0	0
845	聚会	聚會	ju4hui4	jùhuì	hold a meeting; get together; a party	4	0	0	0	0
846	开玩笑	開玩笑	kai1 wan2xiao4	kāi wánxiào	joke; play a joke; make fun of	4	0	0	0	0
847	开心	開心	kai1xin1	kāixīn	feel happy; have a great time; make fun of somebody	4	0	0	0	0
848	看法	看法	kan4fa3	kànfǎ	point of view; opinion	4	0	0	0	0
849	考虑	考慮	kao3lü4	kǎolǜ	think over; consider	4	0	0	0	0
850	烤鸭	烤鴨	kao3ya1	kǎoyā	roast duck	4	0	0	0	0
851	科学	科學	ke1xue2	kēxué	science; scientific knowledge	4	0	0	0	0
852	棵	棵	ke1	kē	(mw for plants)	4	0	0	0	0
853	咳嗽	咳嗽	ke2sou	késou	to cough	4	0	0	0	0
854	可怜	可憐	ke3lian2	kělián	pitiful; poor; pathetic	4	0	0	0	0
855	可是	可是	ke3shi4	kěshì	but; however	4	0	0	0	0
856	可惜	可惜	ke3xi1	kěxī	it's a pity; regrettable; too bad	4	0	0	0	0
857	客厅	客廳	ke4ting1	kètīng	living room; parlor	4	0	0	0	0
858	肯定	肯定	ken3ding4	kěndìng	sure; definite; affirm; approve	4	0	0	0	0
859	空	空	kong1, kong4	kōng, kòng	empty; sky | leave blank; leisure	4	0	0	0	0
860	空气	空氣	kong1qi4	kōngqì	air	4	0	0	0	0
861	恐怕	恐怕	kong3pa4	kǒngpà	be afraid; to fear; I'm afraid that...	4	0	0	0	0
862	苦	苦	ku3	kǔ	bitter; miserable	4	0	0	0	0
863	矿泉水	礦泉水	kuang4quan2shui3	kuàngquánshuǐ	mineral water	4	0	0	0	0
864	困	困	kun4	kùn	sleepy; surround; hard-pressed	4	0	0	0	0
865	困难	困難	kun4nan	kùnnan	difficulty; difficult; problem	4	0	0	0	0
866	垃圾桶	垃圾桶	la1ji1tong3	lājītǒng	garbage can	4	0	0	0	0
867	拉	拉	la1	lā	to pull; to play (string instruments); to drag	4	0	0	0	0
868	辣	辣	la4	là	hot (spicy)	4	0	0	0	0
869	来不及	來不及	lai2 bu ji2	lái bu jí	there's not enough time (to do something); it's too late	4	0	0	0	0
870	来得及	來得及	lai2 de ji2	lái de jí	there's still time	4	0	0	0	0
871	来自	來自	lai2zi4	láizì	come from (a place)	4	0	0	0	0
872	懒	懶	lan3	lǎn	lazy	4	0	0	0	0
873	浪费	浪費	lang4fei4	làngfèi	to waste; squander	4	0	0	0	0
874	浪漫	浪漫	lang4man4	làngmàn	romantic	4	0	0	0	0
875	老虎	老虎	lao3hu3	lǎohǔ	tiger	4	0	0	0	0
876	冷静	冷靜	leng3jing4	lěngjìng	calm; cool-headed; sober	4	0	0	0	0
877	礼拜天	禮拜天	li3bai4tian1	lǐbàitiān	Sunday	4	0	0	0	0
878	礼貌	禮貌	li3mao4	lǐmào	courtesy; politeness; manners	4	0	0	0	0
879	理发	理發	li3fa4	lǐfà	a barber, hairdressing; haircut	4	0	0	0	0
880	理解	理解	li3jie3	lǐjiě	comprehend; understand	4	0	0	0	0
881	理想	理想	li3xiang3	lǐxiǎng	ideal	4	0	0	0	0
882	力气	力氣	li4qi	lìqi	physical strength; effort	4	0	0	0	0
883	厉害	厲害	li4hai	lìhai	terrible; formidable; fierce; cool; awesome	4	0	0	0	0
884	例如	例如	li4ru2	lìrú	for example; for instance	4	0	0	0	0
885	俩	倆	liang3	liǎng	(colloquial) two (people)	4	0	0	0	0
886	连	連	lian2	lián	even; including; join	4	0	0	0	0
887	联系	聯系	lian2xi4	liánxì	integrate; link; connection; contact	4	0	0	0	0
888	凉快	涼快	liang2kuai	liángkuai	nice and cool; pleasantly cool	4	0	0	0	0
889	零钱	零錢	ling2qian2	língqián	small change (of money)	4	0	0	0	0
890	另外	另外	ling4wai4	lìngwài	another; in addition; besides	4	0	0	0	0
891	留	留	liu2	liú	to leave (behind, a message); to retain; to stay	4	0	0	0	0
892	流利	流利	liu2li4	liúlì	fluent	4	0	0	0	0
893	流行	流行	liu2xing2	liúxíng	spread; prevalent; be popular	4	0	0	0	0
894	旅行	旅行	lü3xing2	lǚxíng	travel	4	0	0	0	0
895	律师	律師	lü4shi1	lǜshī	lawyer	4	0	0	0	0
896	乱	亂	luan4	luàn	disorder; confusion; arbitrarily	4	0	0	0	0
897	麻烦	麻煩	ma2fan	máfan	trouble (someone); troubling; bothersome	4	0	0	0	0
898	马虎	馬虎	ma3hu	mǎhu	careless; sloppy; casual	4	0	0	0	0
899	满	滿	man3	mǎn	full; abbreviation for Manchurian	4	0	0	0	0
900	毛	毛	mao2	máo	hair; fur; feather; dime (Kangxi radical 82)	4	0	0	0	0
901	毛巾	毛巾	mao2jin1	máojīn	towel; washcloth	4	0	0	0	0
902	美丽	美麗	mei3li4	měilì	beautiful	4	0	0	0	0
903	梦	夢	meng4	mèng	to dream	4	0	0	0	0
904	迷路	迷路	mi2lu4	mílù	to get lost	4	0	0	0	0
905	密码	密碼	mi4ma3	mìmǎ	password; secret code	4	0	0	0	0
906	免费	免費	mian3 fei4	miǎn fèi	free (of charge); no cost	4	0	0	0	0
907	秒	秒	miao3	miǎo	second (unit of time or angle)	4	0	0	0	0
908	民族	民族	min2zu2	mínzú	nationality; ethnic group	4	0	0	0	0
909	母亲	母親	mu3qin	mǔqin	mother	4	0	0	0	0
910	目的	目的	mu4di4	mùdì	purpose; aim; goal	4	0	0	0	0
911	耐心	耐心	nai4xin1	nàixīn	to be patient	4	0	0	0	0
912	难道	難道	nan2dao4	nándào	could it be that ...?; don't tell me ...	4	0	0	0	0
913	难受	難受	nan2shou4	nánshòu	feel unwell; to suffer pain	4	0	0	0	0
914	内	內	nei4	nèi	inside; inner; internal; within	4	0	0	0	0
915	内容	內容	nei4rong2	nèiróng	content; substance; details	4	0	0	0	0
916	能力	能力	neng2li4	nénglì	capability; capable; ability	4	0	0	0	0
917	年龄	年齡	nian2ling2	niánlíng	(a person's) age	4	0	0	0	0
918	弄	弄	nong4	nòng	do; manage; to handle; make	4	0	0	0	0
919	暖和	暖和	nuan3huo	nuǎnhuo	warm; nice and warm	4	0	0	0	0
920	偶尔	偶爾	ou3'er3	ǒu'ěr	occasionally; once in a while; sometimes	4	0	0	0	0
921	排队	排隊	pai2 dui4	pái duì	queue; stand in line	4	0	0	0	0
922	排列	排列	pai2lie4	páiliè	arrange; align; permutation	4	0	0	0	0
923	判断	判斷	pan4duan4	pànduàn	to judge; judgment; to decide	4	0	0	0	0
924	陪	陪	pei2	péi	accompany; keep company	4	0	0	0	0
925	批评	批評	pi1ping2	pīpíng	criticize	4	0	0	0	0
926	皮肤	皮膚	pi2fu1	pífū	skin	4	0	0	0	0
927	脾气	脾氣	pi2qi	píqi	temperament; disposition; temper	4	0	0	0	0
928	篇	篇	pian1	piān	sheet; (mw for articles); piece of writing	4	0	0	0	0
929	骗	騙	pian4	piàn	to cheat; to swindle; deceive	4	0	0	0	0
930	乒乓球	乒乓球	ping1pang1qiu2	pīngpāngqiú	ping pong; table tennis	4	0	0	0	0
931	平时	平時	ping2shi2	píngshí	ordinarily; in normal times; in peacetime	4	0	0	0	0
932	破	破	po4	pò	broken; damaged; to split	4	0	0	0	0
933	葡萄	葡萄	pu2tao	pútao	grape	4	0	0	0	0
934	普遍	普遍	pu3bian4	pǔbiàn	common; universal; general; widespread	4	0	0	0	0
935	普通话	普通話	pu3tong1hua4	pǔtōnghuà	Mandarin (common language)	4	0	0	0	0
936	其次	其次	qi2ci4	qícì	next; secondly	4	0	0	0	0
937	其中	其中	qi2zhong1	qízhōng	among; in; included among these	4	0	0	0	0
938	气候	氣候	qi4hou4	qìhòu	climate; atmosphere; weather	4	0	0	0	0
939	千万	千萬	qian1wan4	qiānwàn	ten million; be sure to; must	4	0	0	0	0
940	签证	簽證	qian1zheng4	qiānzhèng	visa	4	0	0	0	0
941	敲	敲	qiao1	qiāo	knock; blackmail	4	0	0	0	0
942	桥	橋	qiao2	qiáo	bridge	4	0	0	0	0
943	巧克力	巧克力	qiao3ke4li4	qiǎokèlì	chocolate	4	0	0	0	0
944	亲戚	親戚	qin1qi	qīnqi	a relative (i.e. family relation)	4	0	0	0	0
945	轻	輕	qing1	qīng	light; easy; gentle; soft	4	0	0	0	0
946	轻松	輕松	qing1song1	qīngsōng	relaxed; gentle; easygoing	4	0	0	0	0
947	情况	情況	qing2kuang4	qíngkuàng	circumstance; state of affairs; situation	4	0	0	0	0
948	穷	窮	qiong2	qióng	poor; exhausted	4	0	0	0	0
949	区别	區別	qu1bie2	qūbié	difference; distinguish	4	0	0	0	0
950	取	取	qu3	qǔ	to take; get; choose	4	0	0	0	0
951	全部	全部	quan2bu4	quánbù	whole; entire; complete	4	0	0	0	0
952	缺点	缺點	que1dian3	quēdiǎn	weak point; defect; fault; shortcoming	4	0	0	0	0
953	缺少	缺少	que1shao3	quēshǎo	to lack; be short of; be deficient in	4	0	0	0	0
954	却	卻	que4	què	but; yet; however	4	0	0	0	0
955	确实	確實	que4shi2	quèshí	indeed; in truth; reliable	4	0	0	0	0
956	然而	然而	ran2'er2	rán'ér	however; yet; but	4	0	0	0	0
957	热闹	熱鬧	ren4ao	rènao	bustling; lively; busy	4	0	0	0	0
958	任何	任何	ren4he2	rènhé	any; whatever; whichever	4	0	0	0	0
959	任务	任務	ren4wu	rènwu	a mission; an assignment; a task	4	0	0	0	0
960	扔	扔	reng1	rēng	to throw; throw away	4	0	0	0	0
961	仍然	仍然	reng2ran2	réngrán	still; yet	4	0	0	0	0
962	日记	日記	ri4ji4	rìjì	diary	4	0	0	0	0
963	入口	入口	ru4kou3	rùkǒu	entrance	4	0	0	0	0
964	散步	散步	san4 bu4	sàn bù	to go for a walk	4	0	0	0	0
965	森林	森林	sen1lin2	sēnlín	forest	4	0	0	0	0
966	沙发	沙發	sha1fa1	shāfā	sofa	4	0	0	0	0
967	伤心	傷心	shang1xin1	shāngxīn	sad; grieve; brokenhearted	4	0	0	0	0
968	商量	商量	shang1liang	shāngliang	consult; talk over; discuss	4	0	0	0	0
969	稍微	稍微	shao1wei1	shāowēi	a little bit; slightly	4	0	0	0	0
970	勺子	勺子	shao2zi	sháozi	spoon; scoop; ladle	4	0	0	0	0
971	社会	社會	she4hui4	shèhuì	society	4	0	0	0	0
972	申请	申請	shen1qing3	shēnqǐng	apply for; application	4	0	0	0	0
973	深	深	shen1	shēn	deep; profound; dark (of colors)	4	0	0	0	0
974	甚至	甚至	shen4zhi4	shènzhì	even (to the point of); so much so that	4	0	0	0	0
975	生活	生活	sheng1huo2	shēnghuó	life; livelihood; to live	4	0	0	0	0
976	生命	生命	sheng1ming4	shēngmìng	life	4	0	0	0	0
977	生意	生意	sheng1yi	shēngyi	business; trade	4	0	0	0	0
978	省	省	sheng3	shěng	to save; economize; omit; province	4	0	0	0	0
979	剩	剩	sheng4	shèng	have as remainder; be left over; surplus	4	0	0	0	0
980	失败	失敗	shi1bai4	shībài	be defeated; fail; lose	4	0	0	0	0
981	失望	失望	shi1wang4	shīwàng	disappointed; lose hope	4	0	0	0	0
982	师傅	師傅	shi1fu	shīfu	master; qualified worker; teacher	4	0	0	0	0
983	十分	十分	shi2fen1	shífēn	very; fully; 100%	4	0	0	0	0
984	实际	實際	shi2ji4	shíjì	actual; reality; practice	4	0	0	0	0
985	实在	實在	shi2zai4	shízài	honest; in reality; honestly; indeed; certainly	4	0	0	0	0
986	使	使	shi3	shǐ	to use; to make; to cause; enable; envoy; messenger	4	0	0	0	0
987	使用	使用	shi3yong4	shǐyòng	to use; employ; apply; administer; manipulate	4	0	0	0	0
988	世纪	世紀	shi4ji4	shìjì	century	4	0	0	0	0
989	是否	是否	shi4fou3	shìfǒu	whether (or not); if	4	0	0	0	0
990	适合	適合	shi4he2	shìhé	to suit; to fit	4	0	0	0	0
991	适应	適應	shi4ying4	shìyìng	to suit; to fit; adapt	4	0	0	0	0
992	收	收	shou1	shōu	receive; accept; collect; to harvest	4	0	0	0	0
993	收入	收入	shou1ru4	shōurù	take in; income; revenue	4	0	0	0	0
994	收拾	收拾	shou1shi	shōushi	to tidy; put in order; to repair; to settle with; punish	4	0	0	0	0
995	首都	首都	shou3du1	shǒudū	capital (city)	4	0	0	0	0
996	首先	首先	shou3xian1	shǒuxiān	first (of all); in the first place; firstly	4	0	0	0	0
997	受不了	受不了	shou4 bu liao3	shòu bu liǎo	cannot endure; unbearable; can't stand	4	0	0	0	0
998	受到	受到	shou4dao4	shòudào	receive (influence, restriction, etc.); be subjected to	4	0	0	0	0
999	售货员	售貨員	shou4huo4yuan2	shòuhuòyuán	salesclerk; shop assistant	4	0	0	0	0
1000	输	輸	shu1	shū	to transport; to lose (a game, etc.)	4	0	0	0	0
1001	熟悉	熟悉	shu2xi1	shúxī	familiar with; know well	4	0	0	0	0
1002	数量	數量	shu4liang4	shùliàng	amount; quantity; number	4	0	0	0	0
1003	数字	數字	shu4zi4	shùzì	number; numeral; figure; digit	4	0	0	0	0
1004	帅	帥	shuai4	shuài	handsome; graceful; commander-in-chief	4	0	0	0	0
1005	顺便	順便	shun4bian4	shùnbiàn	conveniently; in passing; on the way	4	0	0	0	0
1006	顺利	順利	shun4li4	shùnlì	go smoothly; without a hitch; successful	4	0	0	0	0
1007	顺序	順序	shun4xu4	shùnxù	sequence; order	4	0	0	0	0
1008	说明	說明	shuo1ming2	shuōmíng	explain; explanation; illustrate; to show	4	0	0	0	0
1009	硕士	碩士	shuo4shi4	shuòshì	Master's degree (M.A.)	4	0	0	0	0
1010	死	死	si3	sǐ	to die; dead; fixed; impassible; extremely	4	0	0	0	0
1011	速度	速度	su4du4	sùdù	speed; rate; velocity	4	0	0	0	0
1012	塑料袋	塑料袋	su4liao4dai4	sùliàodài	plastic bag	4	0	0	0	0
1013	酸	酸	suan1	suān	sour; sore; ache	4	0	0	0	0
1014	随便	隨便	sui2bian4	suíbiàn	as one pleases; informal; random; casual	4	0	0	0	0
1015	随着	隨著	sui2zhe	suízhe	along with; in the wake of	4	0	0	0	0
1016	孙子	孫子	sun1zi	sūnzi	grandson; son's son	4	0	0	0	0
1017	所有	所有	suo3you3	suǒyǒu	all; to have; to possess	4	0	0	0	0
1018	台	台	tai2	tái	platform; Taiwan (abbr.); desk; stage; typhoon; (mw for machines); (classical) you (in letters)	4	0	0	0	0
1019	抬	擡	tai2	tái	to lift; to raise (with both palms up); carry (together)	4	0	0	0	0
1020	态度	態度	tai4du	tàidu	manner; bearing; attitude	4	0	0	0	0
1021	谈	談	tan2	tán	to talk; to chat; discuss	4	0	0	0	0
1022	弹钢琴	彈鋼琴	tan2 gang1qin2	tán gāngqín	play the piano	4	0	0	0	0
1023	汤	湯	tang1	tāng	soup; broth	4	0	0	0	0
1024	糖	糖	tang2	táng	sugar; candy; sweets	4	0	0	0	0
1025	躺	躺	tang3	tǎng	recline; lie down (on back or side)	4	0	0	0	0
1026	趟	趟	tang4, tang1	tàng, tāng	(mw for trips times) | to wade	4	0	0	0	0
1027	讨论	討論	tao3lun4	tǎolùn	to discuss; discussion; to talk over	4	0	0	0	0
1028	讨厌	討厭	tao3yan4	tǎoyàn	to hate; loathe; disgusting; troublesome	4	0	0	0	0
1029	特点	特點	te4dian3	tèdiǎn	a characteristic; trait; feature	4	0	0	0	0
1030	提	提	ti2	tí	to carry; to lift; to raise (an issue)	4	0	0	0	0
1031	提供	提供	ti2gong1	tígōng	to supply; provide; furnish	4	0	0	0	0
1032	提前	提前	ti2qian2	tíqián	shift to an earlier date; bring forward; to advance	4	0	0	0	0
1033	提醒	提醒	ti2xing3	tíxǐng	remind; call attention to; warn of	4	0	0	0	0
1034	填空	填空	tian2kong4	tiánkòng	fill in the blanks; fill a vacancy	4	0	0	0	0
1035	条件	條件	tiao2jian4	tiáojiàn	condition; circumstances; prerequisite	4	0	0	0	0
1036	停	停	ting2	tíng	to stop; to halt; to park (a car)	4	0	0	0	0
1037	挺	挺	ting3	tǐng	straighten up; stick out; rather (good); very	4	0	0	0	0
1038	通过	通過	tong1guo4	tōngguò	by means of; through (a method); pass through; via	4	0	0	0	0
1039	通知	通知	tong1zhi1	tōngzhī	notify; to inform; notice	4	0	0	0	0
1040	同情	同情	tong2qing2	tóngqíng	compassion; sympathy	4	0	0	0	0
1041	同时	同時	tong2shi2	tóngshí	at the same time; simultaneously	4	0	0	0	0
1042	推	推	tui1	tuī	to push; to scrape; to decline; postpone; elect	4	0	0	0	0
1043	推迟	推遲	tui1chi2	tuīchí	postpone; defer	4	0	0	0	0
1044	脱	脫	tuo1	tuō	to shed; take off; to escape	4	0	0	0	0
1045	袜子	襪子	wa4zi	wàzi	socks; stockings	4	0	0	0	0
1046	完全	完全	wan2quan2	wánquán	complete; whole; totally	4	0	0	0	0
1047	网球	網球	wang3qiu2	wǎngqiú	tennis; tennis ball	4	0	0	0	0
1048	网站	網站	wang3zhan4	wǎngzhàn	website	4	0	0	0	0
1049	往往	往往	wang3wang3	wǎngwǎng	often; frequently; more often than not	4	0	0	0	0
1050	危险	危險	wei1xian3	wēixiǎn	danger; dangerous; perilous	4	0	0	0	0
1051	卫生间	衛生間	wei4sheng1jian1	wèishēngjiān	restroom; bathroom; water closet (WC)	4	0	0	0	0
1052	味道	味道	wei4dao	wèidao	flavor; taste	4	0	0	0	0
1053	温度	溫度	wen1du4	wēndù	temperature	4	0	0	0	0
1054	文章	文章	wen2zhang1	wénzhāng	article; essay	4	0	0	0	0
1055	污染	汙染	wu1ran3	wūrǎn	pollution; contamination	4	0	0	0	0
1056	无	無	wu2	wú	have not; without; not (Kangxi radical 71)	4	0	0	0	0
1057	无聊	無聊	wu2liao2	wúliáo	nonsense; bored; silly; stupid	4	0	0	0	0
1058	无论	無論	wu2lun4	wúlùn	no matter what; regardless of whether...	4	0	0	0	0
1059	误会	誤會	wu4hui4	wùhuì	to misunderstand; to mistake	4	0	0	0	0
1060	西红柿	西紅柿	xi1hong2shi4	xīhóngshì	tomato	4	0	0	0	0
1061	吸引	吸引	xi1yin3	xīyǐn	attract (interest, investment, etc.)	4	0	0	0	0
1062	咸	鹹	xian2	xián	salty; salted; all	4	0	0	0	0
1063	现金	現金	xian4jin1	xiànjīn	cash	4	0	0	0	0
1064	羡慕	羨慕	xian4mu4	xiànmù	to envy; admire	4	0	0	0	0
1065	相反	相反	xiang1fan3	xiāngfǎn	opposite; contrary	4	0	0	0	0
1066	相同	相同	xiang1tong2	xiāngtóng	identical; same; alike	4	0	0	0	0
1067	香	香	xiang1	xiāng	fragrant; savory (Kangxi radical 186)	4	0	0	0	0
1068	详细	詳細	xiang2xi4	xiángxì	detailed; in detail; minute	4	0	0	0	0
1069	响	響	xiang3	xiǎng	make a sound; to ring; echo	4	0	0	0	0
1070	橡皮	橡皮	xiang4pi2	xiàngpí	rubber; an eraser	4	0	0	0	0
1071	消息	消息	xiao1xi	xiāoxi	news; information	4	0	0	0	0
1072	小吃	小吃	xiao3chi1	xiǎochī	snack; refreshments	4	0	0	0	0
1073	小伙子	小夥子	xiao3huo3zi	xiǎohuǒzi	young man; lad; youngster	4	0	0	0	0
1074	小说	小說	xiao3shuo1	xiǎoshuō	novel; fiction	4	0	0	0	0
1075	笑话	笑話	xiao4hua	xiàohua	joke; laugh at	4	0	0	0	0
1076	效果	效果	xiao4guo3	xiàoguǒ	effect; result	4	0	0	0	0
1077	心情	心情	xin1qing2	xīnqíng	mood; state of mind	4	0	0	0	0
1078	辛苦	辛苦	xin1ku3	xīnkǔ	hard; exhausting; toilsome; laborious	4	0	0	0	0
1079	信封	信封	xin4feng1	xìnfēng	envelope	4	0	0	0	0
1080	信息	信息	xin4xi1	xìnxī	information; news; message	4	0	0	0	0
1081	信心	信心	xin4xin1	xìnxīn	confidence; faith (in sb. or sth.)	4	0	0	0	0
1082	兴奋	興奮	xing1fen4	xīngfèn	excitement； be excited	4	0	0	0	0
1083	行	行	xing2	xíng	walk; be current; do; will do; okay	4	0	0	0	0
1084	醒	醒	xing3	xǐng	wake up	4	0	0	0	0
1085	幸福	幸福	xing4fu2	xìngfú	happy; blessed; fortunate	4	0	0	0	0
1086	性别	性別	xing4bie2	xìngbié	gender; sex; sexual distinction	4	0	0	0	0
1087	性格	性格	xing4ge2	xìnggé	nature; personality; temperament	4	0	0	0	0
1088	修理	修理	xiu1li3	xiūlǐ	to repair; perform maintenance; to overhaul	4	0	0	0	0
1089	许多	許多	xu3duo1	xǔduō	many; a lot; much	4	0	0	0	0
1090	学期	學期	xue2qi1	xuéqī	semester; school term	4	0	0	0	0
1091	压力	壓力	ya1li4	yālì	pressure; stress	4	0	0	0	0
1092	呀	呀	ya	ya	ah; oh; (used for 啊 after words ending with a, e, i, o, or ü)	4	0	0	0	0
1093	牙膏	牙膏	ya2gao1	yágāo	toothpaste	4	0	0	0	0
1094	亚洲	亞洲	Ya4zhou1	Yàzhōu	Asia	4	0	0	0	0
1095	严格	嚴格	yang2e2	yángé	strict; stringent; tight	4	0	0	0	0
1096	严重	嚴重	yan2zhong4	yánzhòng	grave; serious; critical	4	0	0	0	0
1097	研究	研究	yan2jiu1	yánjiū	to study; to research	4	0	0	0	0
1098	盐	鹽	yan2	yán	salt	4	0	0	0	0
1099	眼镜	眼鏡	yan3jing4	yǎnjìng	glasses; spectacles	4	0	0	0	0
1100	演出	演出	yan3chu1	yǎnchū	to act (in a play); to perform; to put on a show; performance	4	0	0	0	0
1101	演员	演員	yan3yuan2	yǎnyuán	actor or actress; performer	4	0	0	0	0
1102	阳光	陽光	yang2guang1	yángguāng	sunshine; sunlight	4	0	0	0	0
1103	养成	養成	yang3cheng2	yǎngchéng	cultivate; acquire; to form	4	0	0	0	0
1104	样子	樣子	yang4zi	yàngzi	manner; air; appearance; looks	4	0	0	0	0
1105	邀请	邀請	yao1qing3	yāoqǐng	to invite	4	0	0	0	0
1106	要是	要是	yao4shi	yàoshi	if; suppose; in case	4	0	0	0	0
1107	钥匙	鑰匙	yao4shi	yàoshi	key	4	0	0	0	0
1108	也许	也許	ye3xu3	yěxǔ	perhaps; probably; maybe	4	0	0	0	0
1109	叶子	葉子	ye4zi	yèzi	leaves	4	0	0	0	0
1110	页	頁	ye4	yè	page; leaf (Kangxi radical 181)	4	0	0	0	0
1111	一切	一切	yi2qie4	yíqiè	all; every; everything	4	0	0	0	0
1112	以	以	yi3	yǐ	to use; according to; so as to; for; by	4	0	0	0	0
1113	以为	以爲	yi3wei2	yǐwéi	think (mistakenly); consider (that); believe	4	0	0	0	0
1114	艺术	藝術	yi4shu4	yìshù	art	4	0	0	0	0
1115	意见	意見	yi4jian4	yìjiàn	opinion; view; suggestion; complaint	4	0	0	0	0
1116	因此	因此	yin1ci3	yīncǐ	therefore; thus; that is why; because of this	4	0	0	0	0
1117	引起	引起	yin3qi3	yǐnqǐ	give rise to; lead to; to cause; arouse	4	0	0	0	0
1118	印象	印象	yin4xiang4	yìnxiàng	impression	4	0	0	0	0
1119	赢	贏	ying2	yíng	to win; to beat; to profit	4	0	0	0	0
1120	应聘	應聘	ying4pin4	yìngpìn	accept a job offer; to apply for a job	4	0	0	0	0
1121	永远	永遠	yong3yuan3	yǒngyuǎn	forever; eternal; always	4	0	0	0	0
1122	勇敢	勇敢	yong3gan3	yǒnggǎn	brave; courageous	4	0	0	0	0
1123	优点	優點	you1dian3	yōudiǎn	merit; good point; a strength; a benefit	4	0	0	0	0
1124	优秀	優秀	you1xiu4	yōuxiù	outstanding; excellent	4	0	0	0	0
1125	幽默	幽默	you1mo4	yōumò	humorous	4	0	0	0	0
1126	尤其	尤其	you2qi2	yóuqí	especially; particularly	4	0	0	0	0
1127	由	由	you2	yóu	follow; from; by; through	4	0	0	0	0
1128	由于	由于	you2yu2	yóuyú	due to; owing to; as a result of; thanks to	4	0	0	0	0
1129	邮局	郵局	you2ju2	yóujú	post office	4	0	0	0	0
1130	友好	友好	you3hao3	yǒuhǎo	friendly (relations); close friends	4	0	0	0	0
1131	友谊	友誼	you3yi4	yǒuyì	friendship; companionship	4	0	0	0	0
1132	有趣	有趣	you3qu4	yǒuqù	interesting; fascinating; amusing	4	0	0	0	0
1133	于是	于是	yu2shi4	yúshì	as a result; thus; therefore	4	0	0	0	0
1134	愉快	愉快	yu2kuai4	yúkuài	happy; cheerful; delightful	4	0	0	0	0
1135	与	與	yu3	yǔ	(formal) and; to give; together with; participate; final particle expressing doubt or surprise	4	0	0	0	0
1136	羽毛球	羽毛球	yu3mao2qiu2	yǔmáoqiú	badminton	4	0	0	0	0
1137	语法	語法	yu3fa3	yǔfǎ	grammar	4	0	0	0	0
1138	语言	語言	yu3yan2	yǔyán	language	4	0	0	0	0
1139	预习	預習	yu4xi2	yùxí	(of students) prepare a lesson before class; preview	4	0	0	0	0
1140	原来	原來	yuan2lai2	yuánlái	original; former; as it turns out	4	0	0	0	0
1141	原谅	原諒	yuan2liang4	yuánliàng	to excuse; forgive; to pardon	4	0	0	0	0
1142	原因	原因	yuan2yin1	yuányīn	cause; reason	4	0	0	0	0
1143	约会	約會	yue1hui4	yuēhuì	appointment; engagement; date	4	0	0	0	0
1144	阅读	閱讀	yue4du2	yuèdú	read; reading	4	0	0	0	0
1145	云	雲	yun2	yún	cloud; Yunnan province | say; speak	4	0	0	0	0
1146	允许	允許	yun3xu3	yǔnxǔ	to permit; allow	4	0	0	0	0
1147	杂志	雜志	za2zhi4	zázhì	magazine	4	0	0	0	0
1148	咱们	咱們	zan2men	zánmen	we (including the listener); us; our	4	0	0	0	0
1149	暂时	暫時	zan4shi2	zànshí	temporary; transient; for the moment	4	0	0	0	0
1150	脏	髒	zang1	zāng	filthy; dirty	4	0	0	0	0
1151	责任	責任	zer2en4	zérèn	responsibility; blame; duty	4	0	0	0	0
1152	增加	增加	zeng1jia1	zēngjiā	to increase; to raise; add	4	0	0	0	0
1153	占线	占線	zhan4xian4	zhànxiàn	the (phone) line is busy	4	0	0	0	0
1154	招聘	招聘	zhao1pin4	zhāopìn	recruitment; take job applications for a job	4	0	0	0	0
1155	照	照	zhao4	zhào	to shine; illuminate; according to	4	0	0	0	0
1156	真正	真正	zhen1zheng4	zhēnzhèng	genuine; real; true	4	0	0	0	0
1157	整理	整理	zheng3li3	zhěnglǐ	put in order; arrange; straighten up; to tidy; to pack (luggage)	4	0	0	0	0
1158	正常	正常	zheng4chang2	zhèngcháng	normal; regular; ordinary	4	0	0	0	0
1159	正好	正好	zheng4hao3	zhènghǎo	just (in time); just right; just enough; happen to; by chance	4	0	0	0	0
1160	正确	正確	zheng4que4	zhèngquè	correct; proper	4	0	0	0	0
1161	正式	正式	zheng4shi4	zhèngshì	formal; official	4	0	0	0	0
1162	证明	證明	zheng4ming2	zhèngmíng	proof; testify; confirm; certificate	4	0	0	0	0
1163	之	之	zhi1	zhī	(literary equivalent to 的); (pronoun); of	4	0	0	0	0
1164	支持	支持	zhi1chi2	zhīchí	sustain; hold out; | support; stand by (e.g. international support)	4	0	0	0	0
1165	知识	知識	zhi1shi	zhīshi	knowledge; intellectual	4	0	0	0	0
1166	直接	直接	zhi2jie1	zhíjiē	direct; immediate	4	0	0	0	0
1167	值得	值得	zhi2de	zhíde	be worth; deserve	4	0	0	0	0
1168	职业	職業	zhi2ye4	zhíyè	profession; occupation	4	0	0	0	0
1169	植物	植物	zhi2wu4	zhíwù	plant; botanical; vegetation	4	0	0	0	0
1170	只好	只好	zhi3hao3	zhǐhǎo	have to; be forced to	4	0	0	0	0
1171	只要	只要	zhi3yao4	zhǐyào	so long as; if only; provided that	4	0	0	0	0
1172	指	指	zhi3	zhǐ	finger; to point (at, to, out); refer to	4	0	0	0	0
1173	至少	至少	zhi4shao3	zhìshǎo	at least; (to say the) least	4	0	0	0	0
1174	质量	質量	zhi4liang4	zhìliàng	quality; mass (physics)	4	0	0	0	0
1175	重	重	zhong4	zhòng	heavy; serious; important	4	0	0	0	0
1176	重点	重點	zhong4dian3	zhòngdiǎn	emphasis; main point	4	0	0	0	0
1177	重视	重視	zhong4shi4	zhòngshì	to value; take seriously	4	0	0	0	0
1178	周围	周圍	zhou1wei2	zhōuwéi	surroundings; vicinity; environment	4	0	0	0	0
1179	主意	主意	zhu3yi	zhǔyi	plan; idea; decision	4	0	0	0	0
1180	祝贺	祝賀	zhu4he4	zhùhè	congratulate	4	0	0	0	0
1181	著名	著名	zhu4ming2	zhùmíng	famous; well-known; celebration	4	0	0	0	0
1182	专门	專門	zhuan1men2	zhuānmén	specialized	4	0	0	0	0
1183	专业	專業	zhuan1ye4	zhuānyè	profession; specialized field of study; major	4	0	0	0	0
1184	转	轉	zhuan3, zhuan4	zhuǎn, zhuàn	to turn; to change; pass on | revolve; rotate	4	0	0	0	0
1185	赚	賺	zhuan4	zhuàn	earn; make a profit	4	0	0	0	0
1186	准确	准確	zhun3que4	zhǔnquè	accurate; precise	4	0	0	0	0
1187	准时	准時	zhun3shi2	zhǔnshí	punctually; on time	4	0	0	0	0
1188	仔细	仔細	zi3xi4	zǐxì	careful; attentive; cautious	4	0	0	0	0
1189	自然	自然	zi4ran2	zìrán	nature; natural	4	0	0	0	0
1190	自信	自信	zi4xin4	zìxìn	self-confidence	4	0	0	0	0
1191	总结	總結	zong3jie2	zǒngjié	summarize; conclude	4	0	0	0	0
1192	租	租	zu1	zū	to rent	4	0	0	0	0
1193	最好	最好	zui4hao3	zuìhǎo	the best; had better ...; it would be best	4	0	0	0	0
1194	尊重	尊重	zun1zhong4	zūnzhòng	esteem; to respect; to value; to honor	4	0	0	0	0
1195	左右	左右	zuo3you4	zuǒyòu	about; approximate; around | left and right	4	0	0	0	0
1196	作家	作家	zuo4jia1	zuòjiā	author; writer	4	0	0	0	0
1197	作用	作用	zuo4yong4	zuòyòng	action; activity; effect	4	0	0	0	0
1198	作者	作者	zuo4zhe3	zuòzhě	author; writer	4	0	0	0	0
1199	座	座	zuo4	zuò	(mw for mountains, bridges, tall buildings, etc.); | seat; base; stand; constellation	4	0	0	0	0
1200	座位	座位	zuo4wei4	zuòwèi	seat; place	4	0	0	0	0